,ticker,etf,link,location
1,IVV,iShares Core S&P 500 ETF,https://www.ishares.com/us/products/239726/ishares-core-sp-500-etf,United States
2,IEFA,iShares Core MSCI EAFE ETF,https://www.ishares.com/us/products/244049/ishares-core-msci-eafe-etf,United States
3,IWF,iShares Russell 1000 Growth ETF,https://www.ishares.com/us/products/239706/ishares-russell-1000-growth-etf,United States
4,IJH,iShares Core S&P Mid-Cap ETF,https://www.ishares.com/us/products/239763/ishares-core-sp-midcap-etf,United States
5,IEMG,iShares Core MSCI Emerging Markets ETF,https://www.ishares.com/us/products/244050/ishares-core-msci-emerging-markets-etf,United States
6,IJR,iShares Core S&P Small-Cap ETF,https://www.ishares.com/us/products/239774/ishares-core-sp-smallcap-etf,United States
7,IWM,iShares Russell 2000 ETF,https://www.ishares.com/us/products/239710/ishares-russell-2000-etf,United States
8,ITOT,iShares Core S&P Total U.S. Stock Market ETF,https://www.ishares.com/us/products/239724/ishares-core-sp-total-us-stock-market-etf,United States
9,IWD,iShares Russell 1000 Value ETF,https://www.ishares.com/us/products/239708/ishares-russell-1000-value-etf,United States
10,EFA,iShares MSCI EAFE ETF,https://www.ishares.com/us/products/239623/ishares-msci-eafe-etf,United States
11,IVW,iShares S&P 500 Growth ETF,https://www.ishares.com/us/products/239725/ishares-sp-500-growth-etf,United States
12,QUAL,iShares MSCI USA Quality Factor ETF,https://www.ishares.com/us/products/256101/ishares-msci-usa-quality-factor-etf,United States
13,IXUS,iShares Core MSCI Total International Stock ETF,https://www.ishares.com/us/products/244048/ishares-core-msci-total-international-stock-etf,United States
14,IWB,iShares Russell 1000 ETF,https://www.ishares.com/us/products/239707/ishares-russell-1000-etf,United States
15,IWR,iShares Russell Mid-Cap ETF,https://www.ishares.com/us/products/239718/ishares-russell-midcap-etf,United States
16,IVE,iShares S&P 500 Value ETF,https://www.ishares.com/us/products/239728/ishares-sp-500-value-etf,United States
17,DGRO,iShares Core Dividend Growth ETF,https://www.ishares.com/us/products/264623/ishares-core-dividend-growth-etf,United States
18,USMV,iShares MSCI USA Min Vol Factor ETF,https://www.ishares.com/us/products/239695/ishares-msci-usa-minimum-volatility-etf,United States
19,EEM,iShares MSCI Emerging Markets ETF,https://www.ishares.com/us/products/239637/ishares-msci-emerging-markets-etf,United States
20,ACWI,iShares MSCI ACWI ETF,https://www.ishares.com/us/products/239600/ishares-msci-acwi-etf,United States
21,DVY,iShares Select Dividend ETF,https://www.ishares.com/us/products/239500/ishares-select-dividend-etf,United States
22,IUSG,iShares Core S&P U.S. Growth ETF,https://www.ishares.com/us/products/239713/ishares-core-sp-us-growth-etf,United States
23,IYW,iShares U.S. Technology ETF,https://www.ishares.com/us/products/239522/ishares-us-technology-etf,United States
24,EFV,iShares MSCI EAFE Value ETF,https://www.ishares.com/us/products/239628/ishares-msci-eafe-value-etf,United States
25,IUSV,iShares Core S&P U.S. Value ETF,https://www.ishares.com/us/products/239715/ishares-core-sp-us-value-etf,United States
26,EWJ,iShares MSCI Japan ETF,https://www.ishares.com/us/products/239665/ishares-msci-japan-etf,United States
27,SOXX,iShares Semiconductor ETF,https://www.ishares.com/us/products/239705/ishares-phlx-semiconductor-etf,United States
28,PFF,iShares Preferred and Income Securities ETF,https://www.ishares.com/us/products/239826/ishares-us-preferred-stock-etf,United States
29,IDEV,iShares Core MSCI International Developed Markets ETF,https://www.ishares.com/us/products/286762/ishares-core-msci-international-developed-markets-etf,United States
30,IWP,iShares Russell Mid-Cap Growth ETF,https://www.ishares.com/us/products/239717/ishares-russell-midcap-growth-etf,United States
31,IWV,iShares Russell 3000 ETF,https://www.ishares.com/us/products/239714/ishares-russell-3000-etf,United States
32,EMXC,iShares MSCI Emerging Markets ex China ETF,https://www.ishares.com/us/products/288504/ishares-msci-emerging-markets-ex-china-etf,United States
33,ESGU,iShares ESG Aware MSCI USA ETF,https://www.ishares.com/us/products/286007/ishares-esg-aware-msci-usa-etf,United States
34,IWS,iShares Russell Mid-Cap Value ETF,https://www.ishares.com/us/products/239719/ishares-russell-midcap-value-etf,United States
35,OEF,iShares S&P 100 ETF,https://www.ishares.com/us/products/239723/ishares-sp-100-etf,United States
36,EFG,iShares MSCI EAFE Growth ETF,https://www.ishares.com/us/products/239622/ishares-msci-eafe-growth-etf,United States
37,IWN,iShares Russell 2000 Value ETF,https://www.ishares.com/us/products/239712/ishares-russell-2000-value-etf,United States
38,IWO,iShares Russell 2000 Growth ETF,https://www.ishares.com/us/products/239709/ishares-russell-2000-growth-etf,United States
39,INDA,iShares MSCI India ETF,https://www.ishares.com/us/products/239659/ishares-msci-india-etf,United States
40,IWY,iShares Russell Top 200 Growth ETF,https://www.ishares.com/us/products/239720/ishares-russell-top-200-growth-etf,United States
41,HDV,iShares Core High Dividend ETF,https://www.ishares.com/us/products/239563/ishares-high-dividend-etf,United States
42,MTUM,iShares MSCI USA Momentum Factor ETF,https://www.ishares.com/us/products/251614/ishares-msci-usa-momentum-factor-etf,United States
43,SCZ,iShares MSCI EAFE Small-Cap ETF,https://www.ishares.com/us/products/239627/ishares-msci-eafe-smallcap-etf,United States
44,IJK,iShares S&P Mid-Cap 400 Growth ETF,https://www.ishares.com/us/products/239762/ishares-sp-midcap-400-growth-etf,United States
45,ESGD,iShares ESG Aware MSCI EAFE ETF,https://www.ishares.com/us/products/283778/ishares-esg-aware-msci-eafe-etf,United States
46,IQLT,iShares MSCI Intl Quality Factor ETF,https://www.ishares.com/us/products/271540/ishares-msci-international-developed-quality-factor-etf,United States
47,DYNF,BlackRock U.S. Equity Factor Rotation ETF,https://www.ishares.com/us/products/307283/blackrock-u-s-equity-factor-rotation-etf,United States
48,EZU,iShares MSCI Eurozone ETF,https://www.ishares.com/us/products/239644/ishares-msci-emu-etf,United States
49,IJJ,iShares S&P Mid-Cap 400 Value ETF,https://www.ishares.com/us/products/239764/ishares-sp-midcap-400-value-etf,United States
50,IBB,iShares Biotechnology ETF,https://www.ishares.com/us/products/239699/ishares-biotechnology-etf,United States
51,HEFA,iShares Currency Hedged MSCI EAFE ETF,https://www.ishares.com/us/products/259622/ishares-currency-hedged-msci-eafe-etf,United States
52,VLUE,iShares MSCI USA Value Factor ETF,https://www.ishares.com/us/products/251616/ishares-msci-usa-value-factor-etf,United States
53,EFAV,iShares MSCI EAFE Min Vol Factor ETF,https://www.ishares.com/us/products/239626/ishares-msci-eafe-minimum-volatility-etf,United States
54,IJS,iShares S&P Small-Cap 600 Value ETF,https://www.ishares.com/us/products/239775/ishares-sp-smallcap-600-value-etf,United States
55,ITA,iShares U.S. Aerospace & Defense ETF,https://www.ishares.com/us/products/239502/ishares-us-aerospace-defense-etf,United States
56,IGV,iShares Expanded Tech-Software Sector ETF,https://www.ishares.com/us/products/239771/ishares-north-american-techsoftware-etf,United States
57,IJT,iShares S&P Small-Cap 600 Growth ETF,https://www.ishares.com/us/products/239773/ishares-sp-smallcap-600-growth-etf,United States
58,MCHI,iShares MSCI China ETF,https://www.ishares.com/us/products/239619/ishares-msci-china-etf,United States
59,IOO,iShares Global 100 ETF,https://www.ishares.com/us/products/239737/ishares-global-100-etf,United States
60,EWY,iShares MSCI South Korea ETF,https://www.ishares.com/us/products/239681/ishares-msci-south-korea-capped-etf,United States
61,IHI,iShares U.S. Medical Devices ETF,https://www.ishares.com/us/products/239516/ishares-us-medical-devices-etf,United States
62,IEUR,iShares Core MSCI Europe ETF,https://www.ishares.com/us/products/264617/ishares-core-msci-europe-etf,United States
63,EWT,iShares MSCI Taiwan ETF,https://www.ishares.com/us/products/239686/ishares-msci-taiwan-etf,United States
64,FXI,iShares China Large-Cap ETF,https://www.ishares.com/us/products/239536/ishares-china-largecap-etf,United States
65,IXN,iShares Global Tech ETF,https://www.ishares.com/us/products/239750/ishares-global-tech-etf,United States
66,IGM,iShares Expanded Tech Sector ETF,https://www.ishares.com/us/products/239769/ishares-north-american-tech-etf,United States
67,EWZ,iShares MSCI Brazil ETF,https://www.ishares.com/us/products/239612/ishares-msci-brazil-capped-etf,United States
68,ACWX,iShares MSCI ACWI ex U.S. ETF,https://www.ishares.com/us/products/239594/ishares-msci-acwi-ex-us-etf,United States
69,DSI,iShares MSCI KLD 400 Social ETF,https://www.ishares.com/us/products/239667/ishares-msci-kld-400-social-etf,United States
70,EEMV,iShares MSCI Emerging Markets Min Vol Factor ETF,https://www.ishares.com/us/products/239641/ishares-msci-emerging-markets-minimum-volatility-etf,United States
71,IDV,iShares International Select Dividend ETF,https://www.ishares.com/us/products/239499/ishares-international-select-dividend-etf,United States
72,ACWV,iShares MSCI Global Min Vol Factor ETF,https://www.ishares.com/us/products/239605/ishares-msci-all-country-world-minimum-volatility-etf,United States
73,ESGE,iShares ESG Aware MSCI EM ETF,https://www.ishares.com/us/products/283777/ishares-esg-aware-msci-em-etf,United States
74,IXJ,iShares Global Healthcare ETF,https://www.ishares.com/us/products/239744/ishares-global-healthcare-etf,United States
75,IGF,iShares Global Infrastructure ETF,https://www.ishares.com/us/products/239746/ishares-global-infrastructure-etf,United States
76,URTH,iShares MSCI World ETF,https://www.ishares.com/us/products/239696/ishares-msci-world-etf,United States
77,SUSA,iShares MSCI USA ESG Select ETF,https://www.ishares.com/us/products/239692/ishares-msci-usa-esg-select-etf,United States
78,IXC,iShares Global Energy ETF,https://www.ishares.com/us/products/239741/ishares-global-energy-etf,United States
79,XT,iShares Exponential Technologies ETF,https://www.ishares.com/us/products/272532/ishares-exponential-technologies-etf,United States
80,IYH,iShares U.S. Healthcare ETF,https://www.ishares.com/us/products/239511/ishares-us-healthcare-etf,United States
81,EWU,iShares MSCI United Kingdom ETF,https://www.ishares.com/us/products/239690/ishares-msci-united-kingdom-etf,United States
82,ITB,iShares U.S. Home Construction ETF,https://www.ishares.com/us/products/239512/ishares-us-home-construction-etf,United States
83,IYF,iShares U.S. Financials ETF,https://www.ishares.com/us/products/239508/ishares-us-financials-etf,United States
84,EWC,iShares MSCI Canada ETF,https://www.ishares.com/us/products/239615/ishares-msci-canada-etf,United States
85,AAXJ,iShares MSCI All Country Asia ex Japan ETF,https://www.ishares.com/us/products/239601/ishares-msci-all-country-asia-ex-japan-etf,United States
86,ICLN,iShares Global Clean Energy ETF,https://www.ishares.com/us/products/239738/ishares-global-clean-energy-etf,United States
87,IFRA,iShares U.S. Infrastructure ETF,https://www.ishares.com/us/products/294315/ishares-u-s-infrastructure-etf,United States
88,ILCG,iShares Morningstar Growth ETF,https://www.ishares.com/us/products/239580/ishares-morningstar-largecap-growth-etf,United States
89,IWX,iShares Russell Top 200 Value ETF,https://www.ishares.com/us/products/239722/ishares-russell-top-200-value-etf,United States
90,IMTM,iShares MSCI Intl Momentum Factor ETF,https://www.ishares.com/us/products/271538/ishares-msci-international-developed-momentum-factor-etf,United States
91,AOR,iShares Core Growth Allocation ETF,https://www.ishares.com/us/products/239756/ishares-growth-allocation-etf,United States
92,USCL,iShares Climate Conscious & Transition MSCI USA ETF,https://www.ishares.com/us/products/332075/ishares-climate-conscious-transition-msci-usa-etf,United States
93,LRGF,iShares U.S. Equity Factor ETF,https://www.ishares.com/us/products/272824/ishares-msci-usa-multi-factor-etf,United States
94,EPP,iShares MSCI Pacific ex Japan ETF,https://www.ishares.com/us/products/239674/ishares-msci-pacific-ex-japan-etf,United States
95,EWW,iShares MSCI Mexico ETF,https://www.ishares.com/us/products/239670/ishares-msci-mexico-capped-etf,United States
96,IMCG,iShares Morningstar Mid-Cap Growth ETF,https://www.ishares.com/us/products/239583/ishares-morningstar-midcap-growth-etf,United States
97,IYY,iShares Dow Jones U.S. ETF,https://www.ishares.com/us/products/239513/ishares-dow-jones-us-etf,United States
98,IPAC,iShares Core MSCI Pacific ETF,https://www.ishares.com/us/products/264619/ishares-core-msci-pacific-etf,United States
99,AOA,iShares Core Aggressive Allocation ETF,https://www.ishares.com/us/products/239729/ishares-aggressive-allocation-etf,United States
100,PABU,iShares Paris-Aligned Climate MSCI USA ETF,https://www.ishares.com/us/products/325725/ishares-paris-aligned-climate-msci-usa-etf,United States
101,IVLU,iShares MSCI Intl Value Factor ETF,https://www.ishares.com/us/products/275382/ishares-msci-international-developed-value-factor-etf,United States
102,IEV,iShares Europe ETF,https://www.ishares.com/us/products/239736/ishares-europe-etf,United States
103,EWA,iShares MSCI Australia ETF,https://www.ishares.com/us/products/239607/ishares-msci-australia-etf,United States
104,EUFN,iShares MSCI Europe Financials ETF,https://www.ishares.com/us/products/239645/ishares-msci-europe-financials-etf,United States
105,ESML,iShares ESG Aware MSCI USA Small-Cap ETF,https://www.ishares.com/us/products/296644/ishares-esg-aware-msci-usa-small-cap-etf,United States
106,AIA,iShares Asia 50 ETF,https://www.ishares.com/us/products/239730/ishares-asia-50-etf,United States
107,IYJ,iShares U.S. Industrials ETF,https://www.ishares.com/us/products/239514/ishares-us-industrials-etf,United States
108,ILF,iShares Latin America 40 ETF,https://www.ishares.com/us/products/239761/ishares-latin-america-40-etf,United States
109,IWL,iShares Russell Top 200 ETF,https://www.ishares.com/us/products/239721/ishares-russell-top-200-etf,United States
110,AOM,iShares Core Moderate Allocation ETF,https://www.ishares.com/us/products/239765/ishares-moderate-allocation-etf,United States
111,IYE,iShares U.S. Energy ETF,https://www.ishares.com/us/products/239507/ishares-us-energy-etf,United States
112,IYG,iShares U.S. Financial Services ETF,https://www.ishares.com/us/products/239509/ishares-us-financial-services-etf,United States
113,IDU,iShares U.S. Utilities ETF,https://www.ishares.com/us/products/239524/ishares-us-utilities-etf,United States
114,PICK,iShares MSCI Global Metals & Mining Producers ETF,https://www.ishares.com/us/products/239655/ishares-msci-global-metals-mining-producers-etf,United States
115,IYK,iShares U.S. Consumer Staples ETF,https://www.ishares.com/us/products/239505/ishares-us-consumer-staples-etf,United States
116,LCTU,BlackRock U.S. Carbon Transition Readiness ETF,https://www.ishares.com/us/products/318215/blackrock-u-s-carbon-transition-readiness-etf,United States
117,EWL,iShares MSCI Switzerland ETF,https://www.ishares.com/us/products/239685/ishares-msci-switzerland-capped-etf,United States
118,INTF,iShares International Equity Factor ETF,https://www.ishares.com/us/products/272822/ishares-msci-international-multi-factor-etf,United States
119,IAI,iShares U.S. Broker-Dealers & Securities Exchanges ETF,https://www.ishares.com/us/products/239504/ishares-us-brokerdealers-etf,United States
120,SMLF,iShares U.S. Small-Cap Equity Factor ETF,https://www.ishares.com/us/products/272825/ishares-msci-usa-small-cap-multi-factor-etf,United States
121,SMMD,iShares Russell 2500 ETF,https://www.ishares.com/us/products/288024/ishares-russell-2500-etf,United States
122,EWP,iShares MSCI Spain ETF,https://www.ishares.com/us/products/239683/ishares-msci-spain-capped-etf,United States
123,USXF,iShares ESG Advanced MSCI USA ETF,https://www.ishares.com/us/products/314365/ishares-esg-advanced-msci-usa-etf,United States
124,SUSL,iShares ESG MSCI USA Leaders ETF,https://www.ishares.com/us/products/308574/ishares-esg-msci-usa-leaders-etf,United States
125,EWG,iShares MSCI Germany ETF,https://www.ishares.com/us/products/239650/ishares-msci-germany-etf,United States
126,CRBN,iShares MSCI ACWI Low Carbon Target ETF,https://www.ishares.com/us/products/271054/ishares-msci-acwi-low-carbon-target-etf,United States
127,ILCV,iShares Morningstar Value ETF,https://www.ishares.com/us/products/239581/ishares-morningstar-largecap-value-etf,United States
128,IYC,iShares U.S. Consumer Discretionary ETF,https://www.ishares.com/us/products/239506/ishares-us-consumer-discretionary-etf,United States
129,ILCB,iShares Morningstar U.S. Equity ETF,https://www.ishares.com/us/products/239579/ishares-morningstar-largecap-etf,United States
130,SMIN,iShares MSCI India Small-Cap ETF,https://www.ishares.com/us/products/239660/ishares-msci-india-smallcap-etf,United States
131,KXI,iShares Global Consumer Staples ETF,https://www.ishares.com/us/products/239740/ishares-global-consumer-staples-etf,United States
132,INDY,iShares India 50 ETF,https://www.ishares.com/us/products/239758/ishares-india-50-etf,United States
133,IMCB,iShares Morningstar Mid-Cap ETF,https://www.ishares.com/us/products/239582/ishares-morningstar-midcap-etf,United States
134,IWC,iShares Micro-Cap ETF,https://www.ishares.com/us/products/239716/ishares-microcap-etf,United States
135,IHAK,iShares Cybersecurity and Tech ETF,https://www.ishares.com/us/products/307352/ishares-cybersecurity-and-tech-etf,United States
136,SMMV,iShares MSCI USA Small-Cap Min Vol Factor ETF,https://www.ishares.com/us/products/284609/ishares-msci-usa-small-cap-min-vol-factor-etf,United States
137,IHF,iShares U.S. Healthcare Providers ETF,https://www.ishares.com/us/products/239510/ishares-us-healthcare-providers-etf,United States
138,IYT,iShares U.S. Transportation ETF,https://www.ishares.com/us/products/239501/ishares-transportation-average-etf,United States
139,IEO,iShares U.S. Oil & Gas Exploration & Production ETF,https://www.ishares.com/us/products/239517/ishares-us-oil-gas-exploration-production-etf,United States
140,EUSA,iShares MSCI USA Equal Weighted ETF,https://www.ishares.com/us/products/239693/ishares-msci-usa-etf,United States
141,DVYE,iShares Emerging Markets Dividend ETF,https://www.ishares.com/us/products/239526/ishares-emerging-markets-dividend-etf,United States
142,IHE,iShares U.S. Pharmaceuticals ETF,https://www.ishares.com/us/products/239519/ishares-us-pharmaceuticals-etf,United States
143,IGRO,iShares International Dividend Growth ETF,https://www.ishares.com/us/products/283737/ishares-international-dividend-growth-etf,United States
144,DMXF,iShares ESG Advanced MSCI EAFE ETF,https://www.ishares.com/us/products/314362/ishares-esg-advanced-msci-eafe-etf,United States
145,IRBO,iShares Robotics and Artificial Intelligence Multisector ETF,https://www.ishares.com/us/products/297905/ishares-robotics-and-artificial-intelligence-multisector-etf,United States
146,KSA,iShares MSCI Saudi Arabia ETF,https://www.ishares.com/us/products/271542/ishares-msci-saudi-arabia-capped-etf,United States
147,IYM,iShares U.S. Basic Materials ETF,https://www.ishares.com/us/products/239503/ishares-us-basic-materials-etf,United States
148,EWQ,iShares MSCI France ETF,https://www.ishares.com/us/products/239648/ishares-msci-france-etf,United States
149,EMGF,iShares Emerging Markets Equity Factor ETF,https://www.ishares.com/us/products/272820/ishares-msci-emerging-multi-factor-etf,United States
150,IAK,iShares U.S. Insurance ETF,https://www.ishares.com/us/products/239515/ishares-us-insurance-etf,United States
151,IMCV,iShares Morningstar Mid-Cap Value ETF,https://www.ishares.com/us/products/239584/ishares-morningstar-midcap-value-etf,United States
152,ECH,iShares MSCI Chile ETF,https://www.ishares.com/us/products/239618/ishares-msci-chile-capped-etf,United States
153,AOK,iShares Core Conservative Allocation ETF,https://www.ishares.com/us/products/239733/ishares-conservative-allocation-etf,United States
154,EXI,iShares Global Industrials ETF,https://www.ishares.com/us/products/239745/ishares-global-industrials-etf,United States
155,IAT,iShares U.S. Regional Banks ETF,https://www.ishares.com/us/products/239521/ishares-us-regional-banks-etf,United States
156,ISCF,iShares International Small-Cap Equity Factor ETF,https://www.ishares.com/us/products/272823/ishares-msci-international-small-cap-multi-factor-etf,United States
157,ISCG,iShares Morningstar Small-Cap Growth ETF,https://www.ishares.com/us/products/239587/ishares-morningstar-smallcap-growth-etf,United States
158,IGE,iShares North American Natural Resources ETF,https://www.ishares.com/us/products/239768/ishares-north-american-natural-resources-etf,United States
159,EWH,iShares MSCI Hong Kong ETF,https://www.ishares.com/us/products/239657/ishares-msci-hong-kong-etf,United States
160,RING,iShares MSCI Global Gold Miners ETF,https://www.ishares.com/us/products/239654/ishares-msci-global-gold-miners-etf,United States
161,EWI,iShares MSCI Italy ETF,https://www.ishares.com/us/products/239664/ishares-msci-italy-capped-etf,United States
162,HEZU,iShares Currency Hedged MSCI Eurozone ETF,https://www.ishares.com/us/products/268708/ishares-currency-hedged-msci-emu-etf,United States
163,EEMA,iShares MSCI Emerging Markets Asia ETF,https://www.ishares.com/us/products/239629/ishares-msci-emerging-markets-asia-etf,United States
164,EWS,iShares MSCI Singapore ETF,https://www.ishares.com/us/products/239678/ishares-msci-singapore-capped-etf,United States
165,FM,iShares Frontier and Select EM ETF,https://www.ishares.com/us/products/239649/ishares-msci-frontier-100-etf,United States
166,TECB,iShares U.S. Tech Breakthrough Multisector ETF,https://www.ishares.com/us/products/312046/ishares-u-s-tech-breakthrough-multisector-etf,United States
167,ISCV,iShares Morningstar Small-Cap Value ETF,https://www.ishares.com/us/products/239588/ishares-morningstar-smallcap-value-etf,United States
168,IXG,iShares Global Financials ETF,https://www.ishares.com/us/products/239742/ishares-global-financials-etf,United States
169,EEMS,iShares MSCI Emerging Markets Small-Cap ETF,https://www.ishares.com/us/products/239642/ishares-msci-emerging-markets-smallcap-etf,United States
170,EWD,iShares MSCI Sweden ETF,https://www.ishares.com/us/products/239684/ishares-msci-sweden-etf,United States
171,HEWJ,iShares Currency Hedged MSCI Japan ETF,https://www.ishares.com/us/products/259624/ishares-currency-hedged-msci-japan-etf,United States
172,IXP,iShares Global Comm Services ETF,https://www.ishares.com/us/products/239751/ishares-global-telecom-etf,United States
173,DIVB,iShares Core Dividend ETF,https://www.ishares.com/us/products/291387/ishares-core-dividend-etf,United States
174,EIDO,iShares MSCI Indonesia ETF,https://www.ishares.com/us/products/239661/ishares-msci-indonesia-etf,United States
175,EPOL,iShares MSCI Poland ETF,https://www.ishares.com/us/products/239676/ishares-msci-poland-capped-etf,United States
176,SIZE,iShares MSCI USA Size Factor ETF,https://www.ishares.com/us/products/251465/ishares-msci-usa-size-factor-etf,United States
177,LCTD,BlackRock World ex U.S. Carbon Transition Readiness ETF,https://www.ishares.com/us/products/318216/blackrock-world-ex-u-s-carbon-transition-readiness-etf,United States
178,CNYA,iShares MSCI China A ETF,https://www.ishares.com/us/products/273318/ishares-msci-china-a-etf,United States
179,SDG,iShares MSCI Global Sustainable Development Goals ETF,https://www.ishares.com/us/products/283378/ishares-msci-global-sustainable-development-goals-etf,United States
180,EWN,iShares MSCI Netherlands ETF,https://www.ishares.com/us/products/239671/ishares-msci-netherlands-etf,United States
181,EDEN,iShares MSCI Denmark ETF,https://www.ishares.com/us/products/239621/ishares-msci-denmark-capped-etf,United States
182,EWM,iShares MSCI Malaysia ETF,https://www.ishares.com/us/products/239669/ishares-msci-malaysia-etf,United States
183,EWJV,iShares MSCI Japan Value ETF,https://www.ishares.com/us/products/307263/ishares-msci-japan-value-etf,United States
184,IETC,iShares U.S. Tech Independence Focused ETF,https://www.ishares.com/us/products/292425/ishares-u-s-tech-independence-focused-etf,United States
185,MXI,iShares Global Materials ETF,https://www.ishares.com/us/products/239748/ishares-global-materials-etf,United States
186,TUR,iShares MSCI Turkey ETF,https://www.ishares.com/us/products/239689/ishares-msci-turkey-etf,United States
187,XVV,iShares ESG Screened S&P 500 ETF,https://www.ishares.com/us/products/315917/ishares-esg-screened-s-p-500-etf,United States
188,RXI,iShares Global Consumer Discretionary ETF,https://www.ishares.com/us/products/239739/ishares-global-consumer-discretionary-etf,United States
189,EZA,iShares MSCI South Africa ETF,https://www.ishares.com/us/products/239680/ishares-msci-south-africa-etf,United States
190,THD,iShares MSCI Thailand ETF,https://www.ishares.com/us/products/239688/ishares-msci-thailand-capped-etf,United States
191,IEZ,iShares U.S. Oil Equipment & Services ETF,https://www.ishares.com/us/products/239518/ishares-us-oil-equipment-services-etf,United States
192,SLVP,iShares MSCI Global Silver and Metals Miners ETF,https://www.ishares.com/us/products/239656/ishares-msci-global-silver-miners-etf,United States
193,IDRV,iShares Self-Driving EV and Tech ETF,https://www.ishares.com/us/products/307332/ishares-self-driving-ev-and-tech-etf,United States
194,HAWX,iShares Currency Hedged MSCI ACWI ex U.S. ETF,https://www.ishares.com/us/products/273768/ishares-currency-hedged-msci-acwi-ex-us-etf,United States
195,IYZ,iShares U.S. Telecommunications ETF,https://www.ishares.com/us/products/239523/ishares-us-telecommunications-etf,United States
196,ISCB,iShares Morningstar Small-Cap ETF,https://www.ishares.com/us/products/239586/ishares-morningstar-smallcap-etf,United States
197,TOK,iShares MSCI Kokusai ETF,https://www.ishares.com/us/products/239668/ishares-msci-kokusai-etf,United States
198,WOOD,iShares Global Timber & Forestry ETF,https://www.ishares.com/us/products/239752/ishares-global-timber-forestry-etf,United States
199,ISVL,iShares International Developed Small Cap Value Factor ETF,https://www.ishares.com/us/products/317548/ishares-international-developed-small-cap-value-factor-etf,United States
200,XJH,iShares ESG Screened S&P Mid-Cap ETF,https://www.ishares.com/us/products/315914/ishares-esg-screened-s-p-mid-cap-etf,United States
201,EWZS,iShares MSCI Brazil Small-Cap ETF,https://www.ishares.com/us/products/239613/ishares-msci-brazil-smallcap-etf,United States
202,HEEM,iShares Currency Hedged MSCI Emerging Markets ETF,https://www.ishares.com/us/products/268704/ishares-currency-hedged-msci-emerging-markets,United States
203,EIS,iShares MSCI Israel ETF,https://www.ishares.com/us/products/239663/ishares-msci-israel-capped-etf,United States
204,IDNA,iShares Genomics Immunology and Healthcare ETF,https://www.ishares.com/us/products/308878/ishares-genomics-immunology-and-healthcare-etf,United States
205,HSCZ,iShares Currency Hedged MSCI EAFE Small-Cap ETF,https://www.ishares.com/us/products/273771/ishares-currency-hedged-msci-eafe-small-cap-etf,United States
206,JXI,iShares Global Utilities ETF,https://www.ishares.com/us/products/239753/ishares-global-utilities-etf,United States
207,GLOF,iShares Global Equity Factor ETF,https://www.ishares.com/us/products/272821/ishares-msci-global-multi-factor-etf,United States
208,VEGI,iShares MSCI Agriculture Producers ETF,https://www.ishares.com/us/products/239652/ishares-msci-global-agriculture-producers-etf,United States
209,EPU,iShares MSCI Peru and Global Exposure ETF,https://www.ishares.com/us/products/239606/ishares-msci-all-peru-capped-etf,United States
210,SCJ,iShares MSCI Japan Small-Cap ETF,https://www.ishares.com/us/products/239666/ishares-msci-japan-smallcap-etf,United States
211,EIRL,iShares MSCI Ireland ETF,https://www.ishares.com/us/products/239662/ishares-msci-ireland-capped-etf,United States
212,IYLD,iShares Morningstar Multi-Asset Income ETF,https://www.ishares.com/us/products/239585/ishares-morningstar-multiasset-income-etf,United States
213,FILL,iShares MSCI Global Energy Producers ETF,https://www.ishares.com/us/products/239653/ishares-msci-global-energy-producers-etf,United States
214,IEUS,iShares MSCI Europe Small-Cap ETF,https://www.ishares.com/us/products/239537/ishares-developed-smallcap-ex-north-america-etf,United States
215,EPHE,iShares MSCI Philippines ETF,https://www.ishares.com/us/products/239675/ishares-msci-philippines-etf,United States
216,JPXN,iShares JPX-Nikkei 400 ETF,https://www.ishares.com/us/products/239831/ishares-japan-largecap-etf,United States
217,ENZL,iShares MSCI New Zealand ETF,https://www.ishares.com/us/products/239672/ishares-msci-new-zealand-capped-etf,United States
218,QAT,iShares MSCI Qatar ETF,https://www.ishares.com/us/products/264273/ishares-msci-qatar-capped-etf,United States
219,EMXF,iShares ESG Advanced MSCI EM ETF,https://www.ishares.com/us/products/316020/ishares-esg-advanced-msci-em-etf,United States
220,BKF,iShares MSCI BIC ETF,https://www.ishares.com/us/products/239614/ishares-msci-bric-etf,United States
221,XJR,iShares ESG Screened S&P Small-Cap ETF,https://www.ishares.com/us/products/315920/ishares-esg-screened-s-p-small-cap-etf,United States
222,GARP,iShares MSCI USA Quality GARP ETF ,https://www.ishares.com/us/products/312212/ishares-msci-usa-quality-garp-etf,United States
223,SVAL,iShares US Small Cap Value Factor ETF,https://www.ishares.com/us/products/316394/ishares-us-small-cap-value-factor-etf,United States
224,KWT,iShares MSCI Kuwait ETF,https://www.ishares.com/us/products/312763/ishares-msci-kuwait-etf,United States
225,EWO,iShares MSCI Austria ETF,https://www.ishares.com/us/products/239609/ishares-msci-austria-capped-etf,United States
226,IVVB,iShares Large Cap Deep Buffer ETF,https://www.ishares.com/us/products/332307/ishares-large-cap-deep-buffer-etf,United States
227,ECNS,iShares MSCI China Small-Cap ETF,https://www.ishares.com/us/products/239620/ishares-msci-china-smallcap-etf,United States
228,PABD,iShares Paris-Aligned Climate MSCI World ex USA ETF,https://www.ishares.com/us/products/335054/ishares-paris-aligned-climate-msci-world-ex-usa-etf,United States
229,DVYA,iShares Asia/Pacific Dividend ETF,https://www.ishares.com/us/products/239443/ishares-asiapacific-dividend-etf,United States
230,EWUS,iShares MSCI United Kingdom Small-Cap ETF,https://www.ishares.com/us/products/239691/ishares-msci-united-kingdom-smallcap-etf,United States
231,BALI,BlackRock Advantage Large Cap Income ETF,https://www.ishares.com/us/products/333207/blackrock-advantage-large-cap-income-etf,United States
232,IVVM,iShares Large Cap Moderate Buffer ETF,https://www.ishares.com/us/products/332306/ishares-large-cap-moderate-buffer-etf,United States
233,IDGT,iShares U.S. Digital Infrastructure and Real Estate ETF,https://www.ishares.com/us/products/239770/ishares-north-american-techmultimedia-networking-etf,United States
234,UAE,iShares MSCI UAE ETF,https://www.ishares.com/us/products/264275/ishares-msci-uae-capped-etf,United States
235,ICOP,iShares Copper and Metals Mining ETF,https://www.ishares.com/us/products/332280/ishares-copper-and-metals-mining-etf,United States
236,LDEM,iShares ESG MSCI EM Leaders ETF,https://www.ishares.com/us/products/312222/ishares-esg-msci-em-leaders-etf,United States
237,HEWG,iShares Currency Hedged MSCI Germany ETF,https://www.ishares.com/us/products/259623/ishares-currency-hedged-msci-germany-etf,United States
238,ENOR,iShares MSCI Norway ETF,https://www.ishares.com/us/products/239673/ishares-msci-norway-capped-etf,United States
239,EAOA,iShares ESG Aware Aggressive Allocation ETF,https://www.ishares.com/us/products/314414/ishares-esg-aware-aggressive-allocation-etf,United States
240,EMIF,iShares Emerging Markets Infrastructure ETF,https://www.ishares.com/us/products/239735/ishares-emerging-markets-infrastructure-etf,United States
241,IBLC,iShares Blockchain and Tech ETF,https://www.ishares.com/us/products/326614/ishares-blockchain-and-tech-etf,United States
242,IEDI,iShares U.S. Consumer Focused ETF,https://www.ishares.com/us/products/292414/ishares-u-s-consumer-focused-etf,United States
243,EFNL,iShares MSCI Finland ETF,https://www.ishares.com/us/products/239647/ishares-msci-finland-capped-etf,United States
244,IVVW,iShares S&P 500 BuyWrite ETF,https://www.ishares.com/us/products/336267/ishares-s-p-500-buywrite-etf,United States
245,EAOR,iShares ESG Aware Growth Allocation ETF,https://www.ishares.com/us/products/314409/ishares-esg-aware-growth-allocation-etf,United States
246,FOVL,iShares Focused Value Factor ETF,https://www.ishares.com/us/products/307330/ishares-focused-value-factor-etf,United States
247,EWK,iShares MSCI Belgium ETF,https://www.ishares.com/us/products/239610/ishares-msci-belgium-capped-etf,United States
248,BTEK,BlackRock Future Tech ETF,https://www.ishares.com/us/products/316011/blackrock-future-tech-etf,United States
249,IWMW,iShares Russell 2000 BuyWrite ETF,https://www.ishares.com/us/products/336263/ishares-russell-2000-buywrite-etf,United States
250,ESMV,iShares ESG MSCI USA Min Vol Factor ETF,https://www.ishares.com/us/products/321324/ishares-esg-msci-usa-min-vol-factor-etf,United States
251,ITDC,iShares® LifePath® Target Date 2035 ETF,https://www.ishares.com/us/products/333558/ishares-lifepath-target-date-2035-etf,United States
252,ITDE,iShares® LifePath® Target Date 2045 ETF,https://www.ishares.com/us/products/333564/ishares-lifepath-target-date-2045-etf,United States
253,ITDF,iShares® LifePath® Target Date 2050 ETF,https://www.ishares.com/us/products/333566/ishares-lifepath-target-date-2050-etf,United States
254,ITDD,iShares® LifePath® Target Date 2040 ETF,https://www.ishares.com/us/products/333561/ishares-lifepath-target-date-2040-etf,United States
255,ITDB,iShares® LifePath® Target Date 2030 ETF,https://www.ishares.com/us/products/333555/ishares-lifepath-target-date-2030-etf,United States
256,IBAT,iShares Energy Storage & Materials ETF,https://www.ishares.com/us/products/336296/ishares-energy-storage-materials-etf,United States
257,EAOK,iShares ESG Aware Conservative Allocation ETF,https://www.ishares.com/us/products/314417/ishares-esg-aware-conservative-allocation-etf,United States
258,IDAT,iShares Future Cloud 5G and Tech ETF,https://www.ishares.com/us/products/307350/ishares-future-cloud-5g-and-tech-etf,United States
259,BTHM,BlackRock Future U.S. Themes ETF,https://www.ishares.com/us/products/325384/blackrock-future-u-s-themes-etf,United States
260,BLCR,BlackRock Large Cap Core ETF,https://www.ishares.com/us/products/333889/blackrock-large-cap-core-etf,United States
261,BLCV,BlackRock Large Cap Value ETF,https://www.ishares.com/us/products/331795/blackrock-large-cap-value-etf,United States
262,TCHI,iShares MSCI China Multisector Tech ETF,https://www.ishares.com/us/products/325390/ishares-msci-china-multisector-tech-etf,United States
263,ITDG,iShares® LifePath® Target Date 2055 ETF,https://www.ishares.com/us/products/333570/ishares-lifepath-target-date-2055-etf,United States
264,IVRS,iShares Future Metaverse Tech and Communications ETF,https://www.ishares.com/us/products/330840/ishares-future-metaverse-tech-and-communications-etf,United States
265,EGUS,iShares ESG Aware MSCI USA Growth ETF,https://www.ishares.com/us/products/330808/ishares-esg-aware-msci-usa-growth-etf,United States
266,IWTR,iShares MSCI Water Management Multisector ETF,https://www.ishares.com/us/products/329650/ishares-msci-water-management-multisector-etf,United States
267,EAOM,iShares ESG Aware Moderate Allocation ETF,https://www.ishares.com/us/products/314411/ishares-esg-aware-moderate-allocation-etf,United States
268,INRO,BlackRock U.S. Industry Rotation ETF,https://www.ishares.com/us/products/336430/blackrock-u-s-industry-rotation-etf,United States
269,EVUS,iShares ESG Aware MSCI USA Value ETF,https://www.ishares.com/us/products/330809/ishares-esg-aware-msci-usa-value-etf,United States
270,ISZE,iShares MSCI Intl Size Factor ETF,https://www.ishares.com/us/products/275384/ishares-msci-international-developed-size-factor-etf,United States
271,BGRO,BlackRock Large Cap Growth ETF,https://www.ishares.com/us/products/337538/blackrock-large-cap-growth-etf,United States
272,EFRA,iShares Environmental Infrastructure and Industrials ETF,https://www.ishares.com/us/products/330188/ishares-environmental-infrastructure-and-industrials-etf,United States
273,IVEG,iShares Emergent Food and AgTech Multisector ETF,https://www.ishares.com/us/products/326601/ishares-emergent-food-and-agtech-multisector-etf,United States
274,BPAY,BlackRock Future Financial and Technology ETF,https://www.ishares.com/us/products/329128/blackrock-future-financial-and-technology-etf,United States
275,ITDI,iShares® LifePath® Target Date 2065 ETF,https://www.ishares.com/us/products/333575/ishares-lifepath-target-date-2065-etf,United States
276,ITDH,iShares® LifePath® Target Date 2060 ETF,https://www.ishares.com/us/products/333572/ishares-lifepath-target-date-2060-etf,United States
277,BMED,BlackRock Future Health ETF,https://www.ishares.com/us/products/316007/blackrock-future-health-etf,United States
278,IBRN,iShares Neuroscience and Healthcare ETF,https://www.ishares.com/us/products/329137/ishares-neuroscience-and-healthcare-etf,United States
279,ETEC,iShares Breakthrough Environmental Solutions ETF,https://www.ishares.com/us/products/331244/ishares-breakthrough-environmental-solutions-etf,United States
280,ITDA,iShares® LifePath® Target Date 2025 ETF,https://www.ishares.com/us/products/333552/ishares-lifepath-target-date-2025-etf,United States
281,IRTR,iShares® LifePath® Retirement ETF,https://www.ishares.com/us/products/333579/ishares-lifepath-retirement-etf,United States
282,BECO,BlackRock Future Climate and Sustainable Economy ETF,https://www.ishares.com/us/products/320098/blackrock-future-climate-and-sustainable-economy-etf,United States
283,IWFH,iShares Virtual Work and Life Multisector ETF,https://www.ishares.com/us/products/315979/ishares-virtual-work-and-life-multisector-etf,United States
284,ILIT,iShares Lithium Miners and Producers ETF,https://www.ishares.com/us/products/332281/ishares-lithium-miners-and-producers-etf,United States
