,ticker,etf,link
0,IVV,iShares Core S&P 500 ETF,https://www.ishares.com/us/products/239726/ishares-core-sp-500-etf
1,IEFA,iShares Core MSCI EAFE ETF,https://www.ishares.com/us/products/244049/ishares-core-msci-eafe-etf
2,AGG,iShares Core U.S. Aggregate Bond ETF,https://www.ishares.com/us/products/239458/ishares-core-total-us-bond-market-etf
3,IWF,iShares Russell 1000 Growth ETF,https://www.ishares.com/us/products/239706/ishares-russell-1000-growth-etf
4,IJH,iShares Core S&P Mid-Cap ETF,https://www.ishares.com/us/products/239763/ishares-core-sp-midcap-etf
5,IEMG,iShares Core MSCI Emerging Markets ETF,https://www.ishares.com/us/products/244050/ishares-core-msci-emerging-markets-etf
6,IJR,iShares Core S&P Small-Cap ETF,https://www.ishares.com/us/products/239774/ishares-core-sp-smallcap-etf
7,IWM,iShares Russell 2000 ETF,https://www.ishares.com/us/products/239710/ishares-russell-2000-etf
8,ITOT,iShares Core S&P Total U.S. Stock Market ETF,https://www.ishares.com/us/products/239724/ishares-core-sp-total-us-stock-market-etf
9,IWD,iShares Russell 1000 Value ETF,https://www.ishares.com/us/products/239708/ishares-russell-1000-value-etf
10,EFA,iShares MSCI EAFE ETF,https://www.ishares.com/us/products/239623/ishares-msci-eafe-etf
11,IVW,iShares S&P 500 Growth ETF,https://www.ishares.com/us/products/239725/ishares-sp-500-growth-etf
12,TLT,iShares 20+ Year Treasury Bond ETF,https://www.ishares.com/us/products/239454/ishares-20-year-treasury-bond-etf
13,QUAL,iShares MSCI USA Quality Factor ETF,https://www.ishares.com/us/products/256101/ishares-msci-usa-quality-factor-etf
14,MUB,iShares National Muni Bond ETF,https://www.ishares.com/us/products/239766/ishares-national-amtfree-muni-bond-etf
15,IXUS,iShares Core MSCI Total International Stock ETF,https://www.ishares.com/us/products/244048/ishares-core-msci-total-international-stock-etf
16,IWB,iShares Russell 1000 ETF,https://www.ishares.com/us/products/239707/ishares-russell-1000-etf
17,IWR,iShares Russell Mid-Cap ETF,https://www.ishares.com/us/products/239718/ishares-russell-midcap-etf
18,IVE,iShares S&P 500 Value ETF,https://www.ishares.com/us/products/239728/ishares-sp-500-value-etf
19,MBB,iShares MBS ETF,https://www.ishares.com/us/products/239465/ishares-mbs-etf
20,IEF,iShares 7-10 Year Treasury Bond ETF,https://www.ishares.com/us/products/239456/ishares-710-year-treasury-bond-etf
21,LQD,iShares iBoxx $ Investment Grade Corporate Bond ETF,https://www.ishares.com/us/products/239566/ishares-iboxx-investment-grade-corporate-bond-etf
22,IAU,iShares Gold Trust,https://www.ishares.com/us/products/239561/ishares-gold-trust-fund
23,IUSB,iShares Core Total USD Bond Market ETF,https://www.ishares.com/us/products/264615/ishares-core-total-usd-bond-market-etf
24,DGRO,iShares Core Dividend Growth ETF,https://www.ishares.com/us/products/264623/ishares-core-dividend-growth-etf
25,GOVT,iShares U.S. Treasury Bond ETF,https://www.ishares.com/us/products/239468/ishares-us-treasury-bond-etf
26,SHY,iShares 1-3 Year Treasury Bond ETF,https://www.ishares.com/us/products/239452/ishares-13-year-treasury-bond-etf
27,USMV,iShares MSCI USA Min Vol Factor ETF,https://www.ishares.com/us/products/239695/ishares-msci-usa-minimum-volatility-etf
28,SGOV,iShares 0-3 Month Treasury Bond ETF,https://www.ishares.com/us/products/314116/ishares-0-3-month-treasury-bond-etf
29,IBIT,iShares Bitcoin Trust,https://www.ishares.com/us/products/333011/ishares-bitcoin-trust
30,IGSB,iShares 1-5 Year Investment Grade Corporate Bond ETF,https://www.ishares.com/us/products/239451/ishares-13-year-credit-bond-etf
31,EEM,iShares MSCI Emerging Markets ETF,https://www.ishares.com/us/products/239637/ishares-msci-emerging-markets-etf
32,SHV,iShares Short Treasury Bond ETF,https://www.ishares.com/us/products/239466/ishares-short-treasury-bond-etf
33,ACWI,iShares MSCI ACWI ETF,https://www.ishares.com/us/products/239600/ishares-msci-acwi-etf
34,DVY,iShares Select Dividend ETF,https://www.ishares.com/us/products/239500/ishares-select-dividend-etf
35,TIP,iShares TIPS Bond ETF,https://www.ishares.com/us/products/239467/ishares-tips-bond-etf
36,IUSG,iShares Core S&P U.S. Growth ETF,https://www.ishares.com/us/products/239713/ishares-core-sp-us-growth-etf
37,IYW,iShares U.S. Technology ETF,https://www.ishares.com/us/products/239522/ishares-us-technology-etf
38,IUSV,iShares Core S&P U.S. Value ETF,https://www.ishares.com/us/products/239715/ishares-core-sp-us-value-etf
39,HYG,iShares iBoxx $ High Yield Corporate Bond ETF,https://www.ishares.com/us/products/239565/ishares-iboxx-high-yield-corporate-bond-etf
40,EFV,iShares MSCI EAFE Value ETF,https://www.ishares.com/us/products/239628/ishares-msci-eafe-value-etf
41,EWJ,iShares MSCI Japan ETF,https://www.ishares.com/us/products/239665/ishares-msci-japan-etf
42,SOXX,iShares Semiconductor ETF,https://www.ishares.com/us/products/239705/ishares-phlx-semiconductor-etf
43,EMB,iShares J.P. Morgan USD Emerging Markets Bond ETF,https://www.ishares.com/us/products/239572/ishares-jp-morgan-usd-emerging-markets-bond-etf
44,PFF,iShares Preferred and Income Securities ETF,https://www.ishares.com/us/products/239826/ishares-us-preferred-stock-etf
45,IWP,iShares Russell Mid-Cap Growth ETF,https://www.ishares.com/us/products/239717/ishares-russell-midcap-growth-etf
46,EFG,iShares MSCI EAFE Growth ETF,https://www.ishares.com/us/products/239622/ishares-msci-eafe-growth-etf
47,IWV,iShares Russell 3000 ETF,https://www.ishares.com/us/products/239714/ishares-russell-3000-etf
48,IDEV,iShares Core MSCI International Developed Markets ETF,https://www.ishares.com/us/products/286762/ishares-core-msci-international-developed-markets-etf
49,EMXC,iShares MSCI Emerging Markets ex China ETF,https://www.ishares.com/us/products/288504/ishares-msci-emerging-markets-ex-china-etf
50,IEI,iShares 3-7 Year Treasury Bond ETF,https://www.ishares.com/us/products/239455/ishares-37-year-treasury-bond-etf
51,IGIB,iShares 5-10 Year Investment Grade Corporate Bond ETF,https://www.ishares.com/us/products/239463/ishares-intermediate-credit-bond-etf
52,USHY,iShares Broad USD High Yield Corporate Bond ETF,https://www.ishares.com/us/products/291299/ishares-broad-usd-high-yield-corporate-bond-etf
53,ESGU,iShares ESG Aware MSCI USA ETF,https://www.ishares.com/us/products/286007/ishares-esg-aware-msci-usa-etf
54,IWS,iShares Russell Mid-Cap Value ETF,https://www.ishares.com/us/products/239719/ishares-russell-midcap-value-etf
55,SLV,iShares Silver Trust,https://www.ishares.com/us/products/239855/ishares-silver-trust-fund
56,OEF,iShares S&P 100 ETF,https://www.ishares.com/us/products/239723/ishares-sp-100-etf
57,IWN,iShares Russell 2000 Value ETF,https://www.ishares.com/us/products/239712/ishares-russell-2000-value-etf
58,USIG,iShares Broad USD Investment Grade Corporate Bond ETF,https://www.ishares.com/us/products/239460/ishares-credit-bond-etf
59,INDA,iShares MSCI India ETF,https://www.ishares.com/us/products/239659/ishares-msci-india-etf
60,IWO,iShares Russell 2000 Growth ETF,https://www.ishares.com/us/products/239709/ishares-russell-2000-growth-etf
61,IWY,iShares Russell Top 200 Growth ETF,https://www.ishares.com/us/products/239720/ishares-russell-top-200-growth-etf
62,HDV,iShares Core High Dividend ETF,https://www.ishares.com/us/products/239563/ishares-high-dividend-etf
63,MTUM,iShares MSCI USA Momentum Factor ETF,https://www.ishares.com/us/products/251614/ishares-msci-usa-momentum-factor-etf
64,SCZ,iShares MSCI EAFE Small-Cap ETF,https://www.ishares.com/us/products/239627/ishares-msci-eafe-smallcap-etf
65,IJK,iShares S&P Mid-Cap 400 Growth ETF,https://www.ishares.com/us/products/239762/ishares-sp-midcap-400-growth-etf
66,DYNF,BlackRock U.S. Equity Factor Rotation ETF,https://www.ishares.com/us/products/307283/blackrock-u-s-equity-factor-rotation-etf
67,SUB,iShares Short-Term National Muni Bond ETF,https://www.ishares.com/us/products/239772/ishares-shortterm-national-amtfree-muni-bond-etf
68,ESGD,iShares ESG Aware MSCI EAFE ETF,https://www.ishares.com/us/products/283778/ishares-esg-aware-msci-eafe-etf
69,IQLT,iShares MSCI Intl Quality Factor ETF,https://www.ishares.com/us/products/271540/ishares-msci-international-developed-quality-factor-etf
70,STIP,iShares 0-5 Year TIPS Bond ETF,https://www.ishares.com/us/products/239450/ishares-05-year-tips-bond-etf
71,EZU,iShares MSCI Eurozone ETF,https://www.ishares.com/us/products/239644/ishares-msci-emu-etf
72,TLH,iShares 10-20 Year Treasury Bond ETF,https://www.ishares.com/us/products/239453/ishares-1020-year-treasury-bond-etf
73,IJJ,iShares S&P Mid-Cap 400 Value ETF,https://www.ishares.com/us/products/239764/ishares-sp-midcap-400-value-etf
74,FLOT,iShares Floating Rate Bond ETF,https://www.ishares.com/us/products/239534/ishares-floating-rate-bond-etf
75,IBB,iShares Biotechnology ETF,https://www.ishares.com/us/products/239699/ishares-biotechnology-etf
76,VLUE,iShares MSCI USA Value Factor ETF,https://www.ishares.com/us/products/251616/ishares-msci-usa-value-factor-etf
77,TFLO,iShares Treasury Floating Rate Bond ETF,https://www.ishares.com/us/products/260652/ishares-treasury-floating-rate-bond-etf
78,EFAV,iShares MSCI EAFE Min Vol Factor ETF,https://www.ishares.com/us/products/239626/ishares-msci-eafe-minimum-volatility-etf
79,IJS,iShares S&P Small-Cap 600 Value ETF,https://www.ishares.com/us/products/239775/ishares-sp-smallcap-600-value-etf
80,ITA,iShares U.S. Aerospace & Defense ETF,https://www.ishares.com/us/products/239502/ishares-us-aerospace-defense-etf
81,HEFA,iShares Currency Hedged MSCI EAFE ETF,https://www.ishares.com/us/products/259622/ishares-currency-hedged-msci-eafe-etf
82,SHYG,iShares 0-5 Year High Yield Corporate Bond ETF,https://www.ishares.com/us/products/258100/ishares-05-year-high-yield-corporate-bond-etf
83,IAGG,iShares Core International Aggregate Bond ETF,https://www.ishares.com/us/products/279626/ishares-international-aggregate-bond-etf
84,IGV,iShares Expanded Tech-Software Sector ETF,https://www.ishares.com/us/products/239771/ishares-north-american-techsoftware-etf
85,IJT,iShares S&P Small-Cap 600 Growth ETF,https://www.ishares.com/us/products/239773/ishares-sp-smallcap-600-growth-etf
86,IOO,iShares Global 100 ETF,https://www.ishares.com/us/products/239737/ishares-global-100-etf
87,MCHI,iShares MSCI China ETF,https://www.ishares.com/us/products/239619/ishares-msci-china-etf
88,ICSH,BlackRock Ultra Short-Term Bond ETF,https://www.ishares.com/us/products/258806/ishares-liquidity-income-etf
89,EWY,iShares MSCI South Korea ETF,https://www.ishares.com/us/products/239681/ishares-msci-south-korea-capped-etf
90,IHI,iShares U.S. Medical Devices ETF,https://www.ishares.com/us/products/239516/ishares-us-medical-devices-etf
91,IEUR,iShares Core MSCI Europe ETF,https://www.ishares.com/us/products/264617/ishares-core-msci-europe-etf
92,EWT,iShares MSCI Taiwan ETF,https://www.ishares.com/us/products/239686/ishares-msci-taiwan-etf
93,IXN,iShares Global Tech ETF,https://www.ishares.com/us/products/239750/ishares-global-tech-etf
94,FXI,iShares China Large-Cap ETF,https://www.ishares.com/us/products/239536/ishares-china-largecap-etf
95,IGM,iShares Expanded Tech Sector ETF,https://www.ishares.com/us/products/239769/ishares-north-american-tech-etf
96,ACWX,iShares MSCI ACWI ex U.S. ETF,https://www.ishares.com/us/products/239594/ishares-msci-acwi-ex-us-etf
97,DSI,iShares MSCI KLD 400 Social ETF,https://www.ishares.com/us/products/239667/ishares-msci-kld-400-social-etf
98,EEMV,iShares MSCI Emerging Markets Min Vol Factor ETF,https://www.ishares.com/us/products/239641/ishares-msci-emerging-markets-minimum-volatility-etf
99,EWZ,iShares MSCI Brazil ETF,https://www.ishares.com/us/products/239612/ishares-msci-brazil-capped-etf
100,ACWV,iShares MSCI Global Min Vol Factor ETF,https://www.ishares.com/us/products/239605/ishares-msci-all-country-world-minimum-volatility-etf
101,IDV,iShares International Select Dividend ETF,https://www.ishares.com/us/products/239499/ishares-international-select-dividend-etf
102,ESGE,iShares ESG Aware MSCI EM ETF,https://www.ishares.com/us/products/283777/ishares-esg-aware-msci-em-etf
103,IXJ,iShares Global Healthcare ETF,https://www.ishares.com/us/products/239744/ishares-global-healthcare-etf
104,ISTB,iShares Core 1-5 Year USD Bond ETF,https://www.ishares.com/us/products/244051/ishares-core-shortterm-us-bond-etf
105,IGF,iShares Global Infrastructure ETF,https://www.ishares.com/us/products/239746/ishares-global-infrastructure-etf
106,EAGG,iShares ESG Aware U.S. Aggregate Bond ETF,https://www.ishares.com/us/products/305252/ishares-esg-aware-u-s-aggregate-bond-etf
107,REET,iShares Global REIT ETF,https://www.ishares.com/us/products/268752/ishares-global-reit-etf
108,URTH,iShares MSCI World ETF,https://www.ishares.com/us/products/239696/ishares-msci-world-etf
109,SUSA,iShares MSCI USA ESG Select ETF,https://www.ishares.com/us/products/239692/ishares-msci-usa-esg-select-etf
110,XT,iShares Exponential Technologies ETF,https://www.ishares.com/us/products/272532/ishares-exponential-technologies-etf
111,IYH,iShares U.S. Healthcare ETF,https://www.ishares.com/us/products/239511/ishares-us-healthcare-etf
112,BINC,BlackRock Flexible Income ETF,https://www.ishares.com/us/products/331752/blackrock-flexible-income-etf
113,GVI,iShares Intermediate Government/Credit Bond ETF,https://www.ishares.com/us/products/239464/ishares-intermediate-governmentcredit-bond-etf
114,NEAR,BlackRock Short Duration Bond ETF,https://www.ishares.com/us/products/239854/ishares-short-maturity-bond-etf
115,IYR,iShares U.S. Real Estate ETF,https://www.ishares.com/us/products/239520/ishares-us-real-estate-etf
116,CMF,iShares California Muni Bond ETF,https://www.ishares.com/us/products/239731/ishares-california-amtfree-muni-bond-etf
117,EWU,iShares MSCI United Kingdom ETF,https://www.ishares.com/us/products/239690/ishares-msci-united-kingdom-etf
118,IBTE,iShares® iBonds® Dec 2024 Term Treasury ETF,https://www.ishares.com/us/products/312451/ishares-ibonds-dec-2024-term-treasury-etf
119,IXC,iShares Global Energy ETF,https://www.ishares.com/us/products/239741/ishares-global-energy-etf
120,IBDR,iShares® iBonds® Dec 2026 Term Corporate ETF,https://www.ishares.com/us/products/285027/ishares-ibonds-dec-2026-term-corporate-etf-fund
121,ITB,iShares U.S. Home Construction ETF,https://www.ishares.com/us/products/239512/ishares-us-home-construction-etf
122,IBDQ,iShares® iBonds® Dec 2025 Term Corporate ETF,https://www.ishares.com/us/products/272346/ishares-ibonds-dec-2025-corporate-etf
123,IYF,iShares U.S. Financials ETF,https://www.ishares.com/us/products/239508/ishares-us-financials-etf
124,IBDP,iShares® iBonds® Dec 2024 Term Corporate ETF,https://www.ishares.com/us/products/272345/ishares-ibonds-dec-2024-corporate-etf
125,EWC,iShares MSCI Canada ETF,https://www.ishares.com/us/products/239615/ishares-msci-canada-etf
126,AAXJ,iShares MSCI All Country Asia ex Japan ETF,https://www.ishares.com/us/products/239601/ishares-msci-all-country-asia-ex-japan-etf
127,ICLN,iShares Global Clean Energy ETF,https://www.ishares.com/us/products/239738/ishares-global-clean-energy-etf
128,IBDS,iShares® iBonds® Dec 2027 Term Corporate ETF,https://www.ishares.com/us/products/290315/ishares-ibonds-dec-2027-term-corporate-etf
129,IFRA,iShares U.S. Infrastructure ETF,https://www.ishares.com/us/products/294315/ishares-u-s-infrastructure-etf
130,USRT,iShares Core U.S. REIT ETF,https://www.ishares.com/us/products/239544/ishares-real-estate-50-etf
131,IBTF,iShares® iBonds® Dec 2025 Term Treasury ETF,https://www.ishares.com/us/products/312454/ishares-ibonds-dec-2025-term-treasury-etf
132,ILCG,iShares Morningstar Growth ETF,https://www.ishares.com/us/products/239580/ishares-morningstar-largecap-growth-etf
133,IGLB,iShares 10+ Year Investment Grade Corporate Bond ETF,https://www.ishares.com/us/products/239423/ishares-10-year-credit-bond-etf
134,IWX,iShares Russell Top 200 Value ETF,https://www.ishares.com/us/products/239722/ishares-russell-top-200-value-etf
135,IMTM,iShares MSCI Intl Momentum Factor ETF,https://www.ishares.com/us/products/271538/ishares-msci-international-developed-momentum-factor-etf
136,SLQD,iShares 0-5 Year Investment Grade Corporate Bond ETF,https://www.ishares.com/us/products/258098/ishares-05-year-investment-grade-corporate-bond-etf
137,AOR,iShares Core Growth Allocation ETF,https://www.ishares.com/us/products/239756/ishares-growth-allocation-etf
138,USCL,iShares Climate Conscious & Transition MSCI USA ETF,https://www.ishares.com/us/products/332075/ishares-climate-conscious-transition-msci-usa-etf
139,ICF,iShares Cohen & Steers REIT ETF,https://www.ishares.com/us/products/239482/ishares-cohen-steers-reit-etf
140,LRGF,iShares U.S. Equity Factor ETF,https://www.ishares.com/us/products/272824/ishares-msci-usa-multi-factor-etf
141,EPP,iShares MSCI Pacific ex Japan ETF,https://www.ishares.com/us/products/239674/ishares-msci-pacific-ex-japan-etf
142,ICVT,iShares Convertible Bond ETF,https://www.ishares.com/us/products/272819/ishares-convertible-bond-etf
143,IMCG,iShares Morningstar Mid-Cap Growth ETF,https://www.ishares.com/us/products/239583/ishares-morningstar-midcap-growth-etf
144,IYY,iShares Dow Jones U.S. ETF,https://www.ishares.com/us/products/239513/ishares-dow-jones-us-etf
145,IPAC,iShares Core MSCI Pacific ETF,https://www.ishares.com/us/products/264619/ishares-core-msci-pacific-etf
146,AOA,iShares Core Aggressive Allocation ETF,https://www.ishares.com/us/products/239729/ishares-aggressive-allocation-etf
147,PABU,iShares Paris-Aligned Climate MSCI USA ETF,https://www.ishares.com/us/products/325725/ishares-paris-aligned-climate-msci-usa-etf
148,IBDT,iShares® iBonds® Dec 2028 Term Corporate ETF,https://www.ishares.com/us/products/304570/ishares-ibonds-dec-2028-term-corporate-etf
149,IVLU,iShares MSCI Intl Value Factor ETF,https://www.ishares.com/us/products/275382/ishares-msci-international-developed-value-factor-etf
150,IEV,iShares Europe ETF,https://www.ishares.com/us/products/239736/ishares-europe-etf
151,EWW,iShares MSCI Mexico ETF,https://www.ishares.com/us/products/239670/ishares-msci-mexico-capped-etf
152,FALN,iShares Fallen Angels USD Bond ETF,https://www.ishares.com/us/products/283855/ishares-fallen-angels-usd-bond-etf
153,EWA,iShares MSCI Australia ETF,https://www.ishares.com/us/products/239607/ishares-msci-australia-etf
154,EUFN,iShares MSCI Europe Financials ETF,https://www.ishares.com/us/products/239645/ishares-msci-europe-financials-etf
155,ESML,iShares ESG Aware MSCI USA Small-Cap ETF,https://www.ishares.com/us/products/296644/ishares-esg-aware-msci-usa-small-cap-etf
156,AIA,iShares Asia 50 ETF,https://www.ishares.com/us/products/239730/ishares-asia-50-etf
157,IYJ,iShares U.S. Industrials ETF,https://www.ishares.com/us/products/239514/ishares-us-industrials-etf
158,ILF,iShares Latin America 40 ETF,https://www.ishares.com/us/products/239761/ishares-latin-america-40-etf
159,IWL,iShares Russell Top 200 ETF,https://www.ishares.com/us/products/239721/ishares-russell-top-200-etf
160,AOM,iShares Core Moderate Allocation ETF,https://www.ishares.com/us/products/239765/ishares-moderate-allocation-etf
161,IBDU,iShares® iBonds® Dec 2029 Term Corporate ETF,https://www.ishares.com/us/products/310035/ishares-ibonds-dec-2029-term-corporate-etf
162,IYE,iShares U.S. Energy ETF,https://www.ishares.com/us/products/239507/ishares-us-energy-etf
163,IYG,iShares U.S. Financial Services ETF,https://www.ishares.com/us/products/239509/ishares-us-financial-services-etf
164,IDU,iShares U.S. Utilities ETF,https://www.ishares.com/us/products/239524/ishares-us-utilities-etf
165,IGEB,iShares Investment Grade Systematic Bond ETF,https://www.ishares.com/us/products/288302/ishares-investment-grade-systematic-bond-etf
166,PICK,iShares MSCI Global Metals & Mining Producers ETF,https://www.ishares.com/us/products/239655/ishares-msci-global-metals-mining-producers-etf
167,IYK,iShares U.S. Consumer Staples ETF,https://www.ishares.com/us/products/239505/ishares-us-consumer-staples-etf
168,LCTU,BlackRock U.S. Carbon Transition Readiness ETF,https://www.ishares.com/us/products/318215/blackrock-u-s-carbon-transition-readiness-etf
169,EWL,iShares MSCI Switzerland ETF,https://www.ishares.com/us/products/239685/ishares-msci-switzerland-capped-etf
170,IAUM,iShares Gold Trust Micro,https://www.ishares.com/us/products/306979/ishares-gold-trust-micro
171,INTF,iShares International Equity Factor ETF,https://www.ishares.com/us/products/272822/ishares-msci-international-multi-factor-etf
172,IAI,iShares U.S. Broker-Dealers & Securities Exchanges ETF,https://www.ishares.com/us/products/239504/ishares-us-brokerdealers-etf
173,IBTG,iShares® iBonds® Dec 2026 Term Treasury ETF,https://www.ishares.com/us/products/312457/ishares-ibonds-dec-2026-term-treasury-etf
174,GSG,iShares S&P GSCI Commodity-Indexed Trust,https://www.ishares.com/us/products/239757/ishares-sp-gsci-commodityindexed-trust-fund
175,SMLF,iShares U.S. Small-Cap Equity Factor ETF,https://www.ishares.com/us/products/272825/ishares-msci-usa-small-cap-multi-factor-etf
176,SMMD,iShares Russell 2500 ETF,https://www.ishares.com/us/products/288024/ishares-russell-2500-etf
177,SUSC,iShares ESG Aware USD Corporate Bond ETF,https://www.ishares.com/us/products/288488/ishares-esg-aware-usd-corporate-bond-etf
178,USXF,iShares ESG Advanced MSCI USA ETF,https://www.ishares.com/us/products/314365/ishares-esg-advanced-msci-usa-etf
179,QLTA,iShares Aaa - A Rated Corporate Bond ETF,https://www.ishares.com/us/products/239431/ishares-aaa-a-rated-corporate-bond-etf
180,EWP,iShares MSCI Spain ETF,https://www.ishares.com/us/products/239683/ishares-msci-spain-capped-etf
181,SUSL,iShares ESG MSCI USA Leaders ETF,https://www.ishares.com/us/products/308574/ishares-esg-msci-usa-leaders-etf
182,IBDV,iShares® iBonds® Dec 2030 Term Corporate ETF,https://www.ishares.com/us/products/314496/ishares-ibonds-dec-2030-term-corporate-etf
183,COMT,iShares GSCI Commodity Dynamic Roll Strategy ETF,https://www.ishares.com/us/products/270319/ishares-commodity-etf
184,CRBN,iShares MSCI ACWI Low Carbon Target ETF,https://www.ishares.com/us/products/271054/ishares-msci-acwi-low-carbon-target-etf
185,EWG,iShares MSCI Germany ETF,https://www.ishares.com/us/products/239650/ishares-msci-germany-etf
186,SMIN,iShares MSCI India Small-Cap ETF,https://www.ishares.com/us/products/239660/ishares-msci-india-smallcap-etf
187,ILCV,iShares Morningstar Value ETF,https://www.ishares.com/us/products/239581/ishares-morningstar-largecap-value-etf
188,ILCB,iShares Morningstar U.S. Equity ETF,https://www.ishares.com/us/products/239579/ishares-morningstar-largecap-etf
189,IYC,iShares U.S. Consumer Discretionary ETF,https://www.ishares.com/us/products/239506/ishares-us-consumer-discretionary-etf
190,INDY,iShares India 50 ETF,https://www.ishares.com/us/products/239758/ishares-india-50-etf
191,IMCB,iShares Morningstar Mid-Cap ETF,https://www.ishares.com/us/products/239582/ishares-morningstar-midcap-etf
192,KXI,iShares Global Consumer Staples ETF,https://www.ishares.com/us/products/239740/ishares-global-consumer-staples-etf
193,SUSB,iShares ESG Aware 1-5 Year USD Corporate Bond ETF,https://www.ishares.com/us/products/288490/ishares-esg-aware-1-5-year-usd-corporate-bond-etf
194,TLTW,iShares 20+ Year Treasury Bond BuyWrite Strategy ETF,https://www.ishares.com/us/products/329118/ishares-20+-year-treasury-bond-buywrite-strategy-etf
195,IBTH,iShares® iBonds® Dec 2027 Term Treasury ETF,https://www.ishares.com/us/products/312460/ishares-ibonds-dec-2027-term-treasury-etf
196,IBDW,iShares® iBonds® Dec 2031 Term Corporate ETF,https://www.ishares.com/us/products/319154/ishares-ibonds-dec-2031-term-corporate-etf
197,IWC,iShares Micro-Cap ETF,https://www.ishares.com/us/products/239716/ishares-microcap-etf
198,IHAK,iShares Cybersecurity and Tech ETF,https://www.ishares.com/us/products/307352/ishares-cybersecurity-and-tech-etf
199,IYT,iShares U.S. Transportation ETF,https://www.ishares.com/us/products/239501/ishares-transportation-average-etf
200,SMMV,iShares MSCI USA Small-Cap Min Vol Factor ETF,https://www.ishares.com/us/products/284609/ishares-msci-usa-small-cap-min-vol-factor-etf
201,IEO,iShares U.S. Oil & Gas Exploration & Production ETF,https://www.ishares.com/us/products/239517/ishares-us-oil-gas-exploration-production-etf
202,IHF,iShares U.S. Healthcare Providers ETF,https://www.ishares.com/us/products/239510/ishares-us-healthcare-providers-etf
203,EUSA,iShares MSCI USA Equal Weighted ETF,https://www.ishares.com/us/products/239693/ishares-msci-usa-etf
204,NYF,iShares New York Muni Bond ETF,https://www.ishares.com/us/products/239767/ishares-new-york-amtfree-muni-bond-etf
205,DVYE,iShares Emerging Markets Dividend ETF,https://www.ishares.com/us/products/239526/ishares-emerging-markets-dividend-etf
206,IHE,iShares U.S. Pharmaceuticals ETF,https://www.ishares.com/us/products/239519/ishares-us-pharmaceuticals-etf
207,KSA,iShares MSCI Saudi Arabia ETF,https://www.ishares.com/us/products/271542/ishares-msci-saudi-arabia-capped-etf
208,IGRO,iShares International Dividend Growth ETF,https://www.ishares.com/us/products/283737/ishares-international-dividend-growth-etf
209,DMXF,iShares ESG Advanced MSCI EAFE ETF,https://www.ishares.com/us/products/314362/ishares-esg-advanced-msci-eafe-etf
210,IRBO,iShares Robotics and Artificial Intelligence Multisector ETF,https://www.ishares.com/us/products/297905/ishares-robotics-and-artificial-intelligence-multisector-etf
211,IBDX,iShares® iBonds® Dec 2032 Term Corporate ETF,https://www.ishares.com/us/products/328675/ishares-ibonds-dec-2032-term-corporate-etf
212,IYM,iShares U.S. Basic Materials ETF,https://www.ishares.com/us/products/239503/ishares-us-basic-materials-etf
213,EMGF,iShares Emerging Markets Equity Factor ETF,https://www.ishares.com/us/products/272820/ishares-msci-emerging-multi-factor-etf
214,MEAR,BlackRock Short Maturity Municipal Bond ETF,https://www.ishares.com/us/products/272112/ishares-short-maturity-municipal-bond-etf
215,REZ,iShares Residential and Multisector Real Estate ETF,https://www.ishares.com/us/products/239545/ishares-residential-real-estate-capped-etf
216,EWQ,iShares MSCI France ETF,https://www.ishares.com/us/products/239648/ishares-msci-france-etf
217,EUSB,iShares ESG Advanced Total USD Bond Market ETF,https://www.ishares.com/us/products/314499/ishares-esg-advanced-total-usd-bond-market-etf
218,IAK,iShares U.S. Insurance ETF,https://www.ishares.com/us/products/239515/ishares-us-insurance-etf
219,AGZ,iShares Agency Bond ETF,https://www.ishares.com/us/products/239457/ishares-agency-bond-etf
220,IMCV,iShares Morningstar Mid-Cap Value ETF,https://www.ishares.com/us/products/239584/ishares-morningstar-midcap-value-etf
221,REM,iShares Mortgage Real Estate ETF,https://www.ishares.com/us/products/239543/ishares-mortgage-real-estate-capped-etf
222,HYDB,iShares High Yield Systematic Bond ETF,https://www.ishares.com/us/products/288478/ishares-high-yield-systematic-bond-etf
223,ILTB,iShares Core 10+ Year USD Bond ETF,https://www.ishares.com/us/products/239424/ishares-core-longterm-us-bond-etf
224,ECH,iShares MSCI Chile ETF,https://www.ishares.com/us/products/239618/ishares-msci-chile-capped-etf
225,EXI,iShares Global Industrials ETF,https://www.ishares.com/us/products/239745/ishares-global-industrials-etf
226,AOK,iShares Core Conservative Allocation ETF,https://www.ishares.com/us/products/239733/ishares-conservative-allocation-etf
227,ISCF,iShares International Small-Cap Equity Factor ETF,https://www.ishares.com/us/products/272823/ishares-msci-international-small-cap-multi-factor-etf
228,IAT,iShares U.S. Regional Banks ETF,https://www.ishares.com/us/products/239521/ishares-us-regional-banks-etf
229,ISCG,iShares Morningstar Small-Cap Growth ETF,https://www.ishares.com/us/products/239587/ishares-morningstar-smallcap-growth-etf
230,IGE,iShares North American Natural Resources ETF,https://www.ishares.com/us/products/239768/ishares-north-american-natural-resources-etf
231,IBHE,iShares® iBonds® 2025 Term High Yield and Income ETF,https://www.ishares.com/us/products/308567/ishares-ibonds-2025-term-high-yield-and-income-etf
232,EWH,iShares MSCI Hong Kong ETF,https://www.ishares.com/us/products/239657/ishares-msci-hong-kong-etf
233,IBMN,iShares® iBonds® Dec 2025 Term Muni Bond ETF,https://www.ishares.com/us/products/282964/ishares-ibonds-dec-2025-term-muni-bond-etf
234,IGOV,iShares International Treasury Bond ETF,https://www.ishares.com/us/products/239830/ishares-international-treasury-bond-etf
235,IBTI,iShares® iBonds® Dec 2028 Term Treasury ETF,https://www.ishares.com/us/products/312463/ishares-ibonds-dec-2028-term-treasury-etf
236,RING,iShares MSCI Global Gold Miners ETF,https://www.ishares.com/us/products/239654/ishares-msci-global-gold-miners-etf
237,IBDY,iShares® iBonds® Dec 2033 Term Corporate ETF,https://www.ishares.com/us/products/332289/ishares-ibonds-dec-2033-term-corporate-etf
238,IBMM,iShares® iBonds® Dec 2024 Term Muni Bond ETF,https://www.ishares.com/us/products/282961/ishares-ibonds-dec-2024-term-muni-bond-etf
239,IBMO,iShares® iBonds® Dec 2026 Term Muni Bond ETF,https://www.ishares.com/us/products/308047/ishares-ibonds-dec-2026-term-muni-bond-etf
240,EWI,iShares MSCI Italy ETF,https://www.ishares.com/us/products/239664/ishares-msci-italy-capped-etf
241,HEZU,iShares Currency Hedged MSCI Eurozone ETF,https://www.ishares.com/us/products/268708/ishares-currency-hedged-msci-emu-etf
242,IBHD,iShares® iBonds® 2024 Term High Yield and Income ETF,https://www.ishares.com/us/products/308565/ishares-ibonds-2024-term-high-yield-and-income-etf
243,EEMA,iShares MSCI Emerging Markets Asia ETF,https://www.ishares.com/us/products/239629/ishares-msci-emerging-markets-asia-etf
244,EWS,iShares MSCI Singapore ETF,https://www.ishares.com/us/products/239678/ishares-msci-singapore-capped-etf
245,CEMB,iShares J.P. Morgan EM Corporate Bond ETF,https://www.ishares.com/us/products/239525/ishares-emerging-markets-corporate-bond-etf
246,CMBS,iShares CMBS ETF,https://www.ishares.com/us/products/239459/ishares-cmbs-etf
247,IBMP,iShares® iBonds® Dec 2027 Term Muni Bond ETF,https://www.ishares.com/us/products/308049/ishares-ibonds-dec-2027-term-muni-bond-etf
248,FM,iShares Frontier and Select EM ETF,https://www.ishares.com/us/products/239649/ishares-msci-frontier-100-etf
249,TECB,iShares U.S. Tech Breakthrough Multisector ETF,https://www.ishares.com/us/products/312046/ishares-u-s-tech-breakthrough-multisector-etf
250,LEMB,iShares J.P. Morgan EM Local Currency Bond ETF,https://www.ishares.com/us/products/239528/ishares-emerging-markets-local-currency-bond-etf
251,EMHY,iShares J.P. Morgan EM High Yield Bond ETF,https://www.ishares.com/us/products/239527/ishares-emerging-markets-high-yield-bond-etf
252,ISCV,iShares Morningstar Small-Cap Value ETF,https://www.ishares.com/us/products/239588/ishares-morningstar-smallcap-value-etf
253,EEMS,iShares MSCI Emerging Markets Small-Cap ETF,https://www.ishares.com/us/products/239642/ishares-msci-emerging-markets-smallcap-etf
254,IXG,iShares Global Financials ETF,https://www.ishares.com/us/products/239742/ishares-global-financials-etf
255,HYBB,iShares BB Rated Corporate Bond ETF,https://www.ishares.com/us/products/305259/ishares-bb-rated-corporate-bond-etf
256,IBHF,iShares® iBonds® 2026 Term High Yield and Income ETF,https://www.ishares.com/us/products/316512/ishares-ibonds-2026-term-high-yield-and-income-etf
257,EWD,iShares MSCI Sweden ETF,https://www.ishares.com/us/products/239684/ishares-msci-sweden-etf
258,HEWJ,iShares Currency Hedged MSCI Japan ETF,https://www.ishares.com/us/products/259624/ishares-currency-hedged-msci-japan-etf
259,IXP,iShares Global Comm Services ETF,https://www.ishares.com/us/products/239751/ishares-global-telecom-etf
260,DIVB,iShares Core Dividend ETF,https://www.ishares.com/us/products/291387/ishares-core-dividend-etf
261,LQDH,iShares Interest Rate Hedged Corporate Bond ETF,https://www.ishares.com/us/products/264542/ishares-interest-rate-hedged-corporate-bond-etf
262,BGRN,iShares USD Green Bond ETF,https://www.ishares.com/us/products/305296/ishares-usd-green-bond-etf
263,EIDO,iShares MSCI Indonesia ETF,https://www.ishares.com/us/products/239661/ishares-msci-indonesia-etf
264,EPOL,iShares MSCI Poland ETF,https://www.ishares.com/us/products/239676/ishares-msci-poland-capped-etf
265,IBMQ,iShares® iBonds® Dec 2028 Term Muni Bond ETF,https://www.ishares.com/us/products/308051/ishares-ibonds-dec-2028-term-muni-bond-etf
266,GNMA,iShares GNMA Bond ETF,https://www.ishares.com/us/products/239461/ishares-gnma-bond-etf
267,SIZE,iShares MSCI USA Size Factor ETF,https://www.ishares.com/us/products/251465/ishares-msci-usa-size-factor-etf
268,LCTD,BlackRock World ex U.S. Carbon Transition Readiness ETF,https://www.ishares.com/us/products/318216/blackrock-world-ex-u-s-carbon-transition-readiness-etf
269,EWN,iShares MSCI Netherlands ETF,https://www.ishares.com/us/products/239671/ishares-msci-netherlands-etf
270,CNYA,iShares MSCI China A ETF,https://www.ishares.com/us/products/273318/ishares-msci-china-a-etf
271,CLOA,BlackRock AAA CLO ETF,https://www.ishares.com/us/products/330488/blackrock-aaa-clo-etf
272,SDG,iShares MSCI Global Sustainable Development Goals ETF,https://www.ishares.com/us/products/283378/ishares-msci-global-sustainable-development-goals-etf
273,HYGH,iShares Interest Rate Hedged High Yield Bond ETF,https://www.ishares.com/us/products/264544/ishares-interest-rate-hedged-high-yield-bond-etf
274,EDEN,iShares MSCI Denmark ETF,https://www.ishares.com/us/products/239621/ishares-msci-denmark-capped-etf
275,EWM,iShares MSCI Malaysia ETF,https://www.ishares.com/us/products/239669/ishares-msci-malaysia-etf
276,EWJV,iShares MSCI Japan Value ETF,https://www.ishares.com/us/products/307263/ishares-msci-japan-value-etf
277,IBTJ,iShares® iBonds® Dec 2029 Term Treasury ETF,https://www.ishares.com/us/products/312466/ishares-ibonds-dec-2029-term-treasury-etf
278,IETC,iShares U.S. Tech Independence Focused ETF,https://www.ishares.com/us/products/292425/ishares-u-s-tech-independence-focused-etf
279,MXI,iShares Global Materials ETF,https://www.ishares.com/us/products/239748/ishares-global-materials-etf
280,TUR,iShares MSCI Turkey ETF,https://www.ishares.com/us/products/239689/ishares-msci-turkey-etf
281,XVV,iShares ESG Screened S&P 500 ETF,https://www.ishares.com/us/products/315917/ishares-esg-screened-s-p-500-etf
282,CMDY,iShares Bloomberg Roll Select Commodity Strategy ETF,https://www.ishares.com/us/products/292741/ishares-bloomberg-roll-select-commodity-strategy-etf
283,RXI,iShares Global Consumer Discretionary ETF,https://www.ishares.com/us/products/239739/ishares-global-consumer-discretionary-etf
284,EZA,iShares MSCI South Africa ETF,https://www.ishares.com/us/products/239680/ishares-msci-south-africa-etf
285,GOVZ,iShares 25+ Year Treasury STRIPS Bond ETF,https://www.ishares.com/us/products/315911/ishares-25+-year-treasury-strips-bond-etf
286,THD,iShares MSCI Thailand ETF,https://www.ishares.com/us/products/239688/ishares-msci-thailand-capped-etf
287,IBTK,iShares® iBonds® Dec 2030 Term Treasury ETF,https://www.ishares.com/us/products/314830/ishares-ibonds-dec-2030-term-treasury-etf
288,IDRV,iShares Self-Driving EV and Tech ETF,https://www.ishares.com/us/products/307332/ishares-self-driving-ev-and-tech-etf
289,HAWX,iShares Currency Hedged MSCI ACWI ex U.S. ETF,https://www.ishares.com/us/products/273768/ishares-currency-hedged-msci-acwi-ex-us-etf
290,SLVP,iShares MSCI Global Silver and Metals Miners ETF,https://www.ishares.com/us/products/239656/ishares-msci-global-silver-miners-etf
291,GBF,iShares Government/Credit Bond ETF,https://www.ishares.com/us/products/239462/ishares-governmentcredit-bond-etf
292,ISCB,iShares Morningstar Small-Cap ETF,https://www.ishares.com/us/products/239586/ishares-morningstar-smallcap-etf
293,IYZ,iShares U.S. Telecommunications ETF,https://www.ishares.com/us/products/239523/ishares-us-telecommunications-etf
294,TOK,iShares MSCI Kokusai ETF,https://www.ishares.com/us/products/239668/ishares-msci-kokusai-etf
295,IBTM,iShares® iBonds® Dec 2032 Term Treasury ETF,https://www.ishares.com/us/products/328944/ishares-ibonds-dec-2032-term-treasury-etf
296,XJH,iShares ESG Screened S&P Mid-Cap ETF,https://www.ishares.com/us/products/315914/ishares-esg-screened-s-p-mid-cap-etf
297,IMTB,iShares Core 5-10 Year USD Bond ETF,https://www.ishares.com/us/products/285539/ishares-core-5-10-year-usd-bond-etf
298,BYLD,iShares Yield Optimized Bond ETF,https://www.ishares.com/us/products/264127/ishares-yield-optimized-bond-etf
299,ISVL,iShares International Developed Small Cap Value Factor ETF,https://www.ishares.com/us/products/317548/ishares-international-developed-small-cap-value-factor-etf
300,WOOD,iShares Global Timber & Forestry ETF,https://www.ishares.com/us/products/239752/ishares-global-timber-forestry-etf
301,IBTL,iShares® iBonds® Dec 2031 Term Treasury ETF,https://www.ishares.com/us/products/319421/ishares-ibonds-dec-2031-term-treasury-etf
302,IEZ,iShares U.S. Oil Equipment & Services ETF,https://www.ishares.com/us/products/239518/ishares-us-oil-equipment-services-etf
303,IBTO,iShares® iBonds® Dec 2033 Term Treasury ETF,https://www.ishares.com/us/products/332291/ishares-ibonds-dec-2033-term-treasury-etf
304,EWZS,iShares MSCI Brazil Small-Cap ETF,https://www.ishares.com/us/products/239613/ishares-msci-brazil-smallcap-etf
305,LQDW,iShares Investment Grade Corporate Bond BuyWrite Strategy ETF,https://www.ishares.com/us/products/329120/ishares-investment-grade-corporate-bond-buywrite-strategy-etf
306,HEEM,iShares Currency Hedged MSCI Emerging Markets ETF,https://www.ishares.com/us/products/268704/ishares-currency-hedged-msci-emerging-markets
307,IGBH,iShares Interest Rate Hedged Long-Term Corporate Bond ETF,https://www.ishares.com/us/products/275397/ishares-interest-rate-hedged-10-year-credit-bond-etf
308,EIS,iShares MSCI Israel ETF,https://www.ishares.com/us/products/239663/ishares-msci-israel-capped-etf
309,IDNA,iShares Genomics Immunology and Healthcare ETF,https://www.ishares.com/us/products/308878/ishares-genomics-immunology-and-healthcare-etf
310,GHYG,iShares US & Intl High Yield Corp Bond ETF,https://www.ishares.com/us/products/239551/ishares-global-high-yield-corporate-bond-etf
311,HSCZ,iShares Currency Hedged MSCI EAFE Small-Cap ETF,https://www.ishares.com/us/products/273771/ishares-currency-hedged-msci-eafe-small-cap-etf
312,JXI,iShares Global Utilities ETF,https://www.ishares.com/us/products/239753/ishares-global-utilities-etf
313,HYXF,iShares ESG Advanced High Yield Corporate Bond ETF,https://www.ishares.com/us/products/283857/ishares-esg-advanced-high-yield-corporate-bond-etf
314,GLOF,iShares Global Equity Factor ETF,https://www.ishares.com/us/products/272821/ishares-msci-global-multi-factor-etf
315,IBHG,iShares® iBonds® 2027 Term High Yield and Income ETF,https://www.ishares.com/us/products/319422/ishares-ibonds-2027-term-high-yield-and-income-etf
316,SCJ,iShares MSCI Japan Small-Cap ETF,https://www.ishares.com/us/products/239666/ishares-msci-japan-smallcap-etf
317,VEGI,iShares MSCI Agriculture Producers ETF,https://www.ishares.com/us/products/239652/ishares-msci-global-agriculture-producers-etf
318,EPU,iShares MSCI Peru and Global Exposure ETF,https://www.ishares.com/us/products/239606/ishares-msci-all-peru-capped-etf
319,IYLD,iShares Morningstar Multi-Asset Income ETF,https://www.ishares.com/us/products/239585/ishares-morningstar-multiasset-income-etf
320,EIRL,iShares MSCI Ireland ETF,https://www.ishares.com/us/products/239662/ishares-msci-ireland-capped-etf
321,FILL,iShares MSCI Global Energy Producers ETF,https://www.ishares.com/us/products/239653/ishares-msci-global-energy-producers-etf
322,HYMU,BlackRock High Yield Muni Income Bond ETF,https://www.ishares.com/us/products/317978/blackrock-high-yield-muni-income-bond-etf
323,IFGL,iShares International Developed Real Estate ETF,https://www.ishares.com/us/products/239540/ishares-international-developed-real-estate-etf
324,IEUS,iShares MSCI Europe Small-Cap ETF,https://www.ishares.com/us/products/239537/ishares-developed-smallcap-ex-north-america-etf
325,EPHE,iShares MSCI Philippines ETF,https://www.ishares.com/us/products/239675/ishares-msci-philippines-etf
326,IBMR,iShares® iBonds® Dec 2029 Term Muni Bond ETF,https://www.ishares.com/us/products/331834/ishares-ibonds-dec-2029-term-muni-bond-etf
327,JPXN,iShares JPX-Nikkei 400 ETF,https://www.ishares.com/us/products/239831/ishares-japan-largecap-etf
328,ENZL,iShares MSCI New Zealand ETF,https://www.ishares.com/us/products/239672/ishares-msci-new-zealand-capped-etf
329,BRTR,BlackRock Total Return ETF,https://www.ishares.com/us/products/334572/blackrock-total-return-etf
330,ISHG,iShares 1-3 Year International Treasury Bond ETF,https://www.ishares.com/us/products/239829/ishares-13-year-international-treasury-bond-etf
331,IBHH,iShares® iBonds® 2028 Term High Yield and Income ETF,https://www.ishares.com/us/products/326459/ishares-ibonds-2028-term-high-yield-and-income-etf
332,EMXF,iShares ESG Advanced MSCI EM ETF,https://www.ishares.com/us/products/316020/ishares-esg-advanced-msci-em-etf
333,QAT,iShares MSCI Qatar ETF,https://www.ishares.com/us/products/264273/ishares-msci-qatar-capped-etf
334,GARP,iShares MSCI USA Quality GARP ETF ,https://www.ishares.com/us/products/312212/ishares-msci-usa-quality-garp-etf
335,BKF,iShares MSCI BIC ETF,https://www.ishares.com/us/products/239614/ishares-msci-bric-etf
336,XJR,iShares ESG Screened S&P Small-Cap ETF,https://www.ishares.com/us/products/315920/ishares-esg-screened-s-p-small-cap-etf
337,KWT,iShares MSCI Kuwait ETF,https://www.ishares.com/us/products/312763/ishares-msci-kuwait-etf
338,SVAL,iShares US Small Cap Value Factor ETF,https://www.ishares.com/us/products/316394/ishares-us-small-cap-value-factor-etf
339,FIBR,iShares U.S. Fixed Income Balanced Risk Systematic ETF,https://www.ishares.com/us/products/271544/ishares-us-fixed-income-balanced-risk-etf
340,EWO,iShares MSCI Austria ETF,https://www.ishares.com/us/products/239609/ishares-msci-austria-capped-etf
341,IVVB,iShares Large Cap Deep Buffer ETF,https://www.ishares.com/us/products/332307/ishares-large-cap-deep-buffer-etf
342,HYGW,iShares High Yield Corporate Bond BuyWrite Strategy ETF,https://www.ishares.com/us/products/329119/ishares-high-yield-corporate-bond-buywrite-strategy-etf
343,ECNS,iShares MSCI China Small-Cap ETF,https://www.ishares.com/us/products/239620/ishares-msci-china-smallcap-etf
344,PABD,iShares Paris-Aligned Climate MSCI World ex USA ETF,https://www.ishares.com/us/products/335054/ishares-paris-aligned-climate-msci-world-ex-usa-etf
345,LQDI,iShares Inflation Hedged Corporate Bond ETF,https://www.ishares.com/us/products/294319/ishares-inflation-hedged-corporate-bond-etf
346,HYXU,iShares International High Yield Bond ETF,https://www.ishares.com/us/products/239550/ishares-global-ex-usd-high-yield-corporate-bond-etf
347,CCRV,iShares Commodity Curve Carry Strategy ETF,https://www.ishares.com/us/products/310784/ishares-commodity-curve-carry-strategy-etf
348,IBHI,iShares® iBonds® 2029 Term High Yield and Income ETF,https://www.ishares.com/us/products/326462/ishares-ibonds-2029-term-high-yield-and-income-etf
349,BALI,BlackRock Advantage Large Cap Income ETF,https://www.ishares.com/us/products/333207/blackrock-advantage-large-cap-income-etf
350,IAUF,iShares Gold Strategy ETF,https://www.ishares.com/us/products/293782/ishares-gold-strategy-etf
351,DVYA,iShares Asia/Pacific Dividend ETF,https://www.ishares.com/us/products/239443/ishares-asiapacific-dividend-etf
352,EWUS,iShares MSCI United Kingdom Small-Cap ETF,https://www.ishares.com/us/products/239691/ishares-msci-united-kingdom-smallcap-etf
353,IVVM,iShares Large Cap Moderate Buffer ETF,https://www.ishares.com/us/products/332306/ishares-large-cap-moderate-buffer-etf
354,BRLN,BlackRock Floating Rate Loan ETF,https://www.ishares.com/us/products/329872/blackrock-floating-rate-loan-etf
355,IDGT,iShares U.S. Digital Infrastructure and Real Estate ETF,https://www.ishares.com/us/products/239770/ishares-north-american-techmultimedia-networking-etf
356,BEMB,iShares J.P. Morgan Broad USD Emerging Markets Bond ETF,https://www.ishares.com/us/products/329561/ishares-j-p-morgan-broad-usd-emerging-markets-bond-etf
357,UAE,iShares MSCI UAE ETF,https://www.ishares.com/us/products/264275/ishares-msci-uae-capped-etf
358,WPS,iShares International Developed Property ETF,https://www.ishares.com/us/products/239734/ishares-international-developed-property-etf
359,ICOP,iShares Copper and Metals Mining ETF,https://www.ishares.com/us/products/332280/ishares-copper-and-metals-mining-etf
360,LDEM,iShares ESG MSCI EM Leaders ETF,https://www.ishares.com/us/products/312222/ishares-esg-msci-em-leaders-etf
361,LQDB,iShares BBB Rated Corporate Bond ETF,https://www.ishares.com/us/products/318688/ishares-bbb-rated-corporate-bond-etf
362,HEWG,iShares Currency Hedged MSCI Germany ETF,https://www.ishares.com/us/products/259623/ishares-currency-hedged-msci-germany-etf
363,ENOR,iShares MSCI Norway ETF,https://www.ishares.com/us/products/239673/ishares-msci-norway-capped-etf
364,EAOA,iShares ESG Aware Aggressive Allocation ETF,https://www.ishares.com/us/products/314414/ishares-esg-aware-aggressive-allocation-etf
365,CALY,BlackRock Short-Term California Muni Bond ETF,https://www.ishares.com/us/products/332497/blackrock-short-term-california-muni-bond-etf
366,EMIF,iShares Emerging Markets Infrastructure ETF,https://www.ishares.com/us/products/239735/ishares-emerging-markets-infrastructure-etf
367,IEDI,iShares U.S. Consumer Focused ETF,https://www.ishares.com/us/products/292414/ishares-u-s-consumer-focused-etf
368,IBLC,iShares Blockchain and Tech ETF,https://www.ishares.com/us/products/326614/ishares-blockchain-and-tech-etf
369,INMU,BlackRock Intermediate Muni Income Bond ETF,https://www.ishares.com/us/products/317976/blackrock-intermediate-muni-income-bond-etf
370,IBHJ,iShares® iBonds® 2030 Term High Yield and Income ETF,https://www.ishares.com/us/products/332287/ishares-ibonds-2030-term-high-yield-and-income-etf
371,EFNL,iShares MSCI Finland ETF,https://www.ishares.com/us/products/239647/ishares-msci-finland-capped-etf
372,EAOR,iShares ESG Aware Growth Allocation ETF,https://www.ishares.com/us/products/314409/ishares-esg-aware-growth-allocation-etf
373,IVVW,iShares S&P 500 BuyWrite ETF,https://www.ishares.com/us/products/336267/ishares-s-p-500-buywrite-etf
374,FOVL,iShares Focused Value Factor ETF,https://www.ishares.com/us/products/307330/ishares-focused-value-factor-etf
375,IBIC,iShares® iBonds® Oct 2026 Term TIPS ETF,https://www.ishares.com/us/products/333118/ishares-ibonds-oct-2026-term-tips-etf
376,IBID,iShares® iBonds® Oct 2027 Term TIPS ETF,https://www.ishares.com/us/products/333135/ishares-ibonds-oct-2027-term-tips-etf
377,IBIE,iShares® iBonds® Oct 2028 Term TIPS ETF,https://www.ishares.com/us/products/333132/ishares-ibonds-oct-2028-term-tips-etf
378,EWK,iShares MSCI Belgium ETF,https://www.ishares.com/us/products/239610/ishares-msci-belgium-capped-etf
379,IBIB,iShares® iBonds® Oct 2025 Term TIPS ETF,https://www.ishares.com/us/products/333138/ishares-ibonds-oct-2025-term-tips-etf
380,IWMW,iShares Russell 2000 BuyWrite ETF,https://www.ishares.com/us/products/336263/ishares-russell-2000-buywrite-etf
381,IBIF,iShares® iBonds® Oct 2029 Term TIPS ETF,https://www.ishares.com/us/products/333141/ishares-ibonds-oct-2029-term-tips-etf
382,IBIJ,iShares® iBonds® Oct 2033 Term TIPS ETF,https://www.ishares.com/us/products/333076/ishares-ibonds-oct-2033-term-tips-etf
383,BTEK,BlackRock Future Tech ETF,https://www.ishares.com/us/products/316011/blackrock-future-tech-etf
384,IBIA,iShares® iBonds® Oct 2024 Term TIPS ETF,https://www.ishares.com/us/products/333126/ishares-ibonds-oct-2024-term-tips-etf
385,IBIG,iShares® iBonds® Oct 2030 Term TIPS ETF,https://www.ishares.com/us/products/333128/ishares-ibonds-oct-2030-term-tips-etf
386,IBIH,iShares® iBonds® Oct 2031 Term TIPS ETF,https://www.ishares.com/us/products/333121/ishares-ibonds-oct-2031-term-tips-etf
387,USBF,iShares USD Systematic Bond ETF,https://www.ishares.com/us/products/320598/ishares-usd-systematic-bond-etf
388,ELQD,iShares ESG Advanced Investment Grade Corporate Bond ETF,https://www.ishares.com/us/products/321326/ishares-esg-advanced-investment-grade-corporate-bond-etf
389,ESMV,iShares ESG MSCI USA Min Vol Factor ETF,https://www.ishares.com/us/products/321324/ishares-esg-msci-usa-min-vol-factor-etf
390,TMET,iShares Transition-Enabling Metals ETF,https://www.ishares.com/us/products/333404/ishares-transition-enabling-metals-etf
391,ITDC,iShares® LifePath® Target Date 2035 ETF,https://www.ishares.com/us/products/333558/ishares-lifepath-target-date-2035-etf
392,IBDZ,iShares® iBonds® Dec 2034 Term Corporate ETF,https://www.ishares.com/us/products/337465/ishares-ibonds-dec-2034-term-corporate-etf
393,ITDF,iShares® LifePath® Target Date 2050 ETF,https://www.ishares.com/us/products/333566/ishares-lifepath-target-date-2050-etf
394,ITDE,iShares® LifePath® Target Date 2045 ETF,https://www.ishares.com/us/products/333564/ishares-lifepath-target-date-2045-etf
395,IBII,iShares® iBonds® Oct 2032 Term TIPS ETF,https://www.ishares.com/us/products/333079/ishares-ibonds-oct-2032-term-tips-etf
396,IBHK,iShares® iBonds® 2031 Term High Yield and Income ETF,https://www.ishares.com/us/products/337468/ishares-ibonds-2031-term-high-yield-and-income-etf
397,ITDD,iShares® LifePath® Target Date 2040 ETF,https://www.ishares.com/us/products/333561/ishares-lifepath-target-date-2040-etf
398,ITDB,iShares® LifePath® Target Date 2030 ETF,https://www.ishares.com/us/products/333555/ishares-lifepath-target-date-2030-etf
399,ERET,iShares Environmentally Aware Real Estate ETF,https://www.ishares.com/us/products/329687/ishares-environmentally-aware-real-estate-etf
400,IBAT,iShares Energy Storage & Materials ETF,https://www.ishares.com/us/products/336296/ishares-energy-storage-materials-etf
401,EAOK,iShares ESG Aware Conservative Allocation ETF,https://www.ishares.com/us/products/314417/ishares-esg-aware-conservative-allocation-etf
402,IDAT,iShares Future Cloud 5G and Tech ETF,https://www.ishares.com/us/products/307350/ishares-future-cloud-5g-and-tech-etf
403,BTHM,BlackRock Future U.S. Themes ETF,https://www.ishares.com/us/products/325384/blackrock-future-u-s-themes-etf
404,BLCR,BlackRock Large Cap Core ETF,https://www.ishares.com/us/products/333889/blackrock-large-cap-core-etf
405,BLCV,BlackRock Large Cap Value ETF,https://www.ishares.com/us/products/331795/blackrock-large-cap-value-etf
406,TCHI,iShares MSCI China Multisector Tech ETF,https://www.ishares.com/us/products/325390/ishares-msci-china-multisector-tech-etf
407,ITDG,iShares® LifePath® Target Date 2055 ETF,https://www.ishares.com/us/products/333570/ishares-lifepath-target-date-2055-etf
408,IVRS,iShares Future Metaverse Tech and Communications ETF,https://www.ishares.com/us/products/330840/ishares-future-metaverse-tech-and-communications-etf
409,EGUS,iShares ESG Aware MSCI USA Growth ETF,https://www.ishares.com/us/products/330808/ishares-esg-aware-msci-usa-growth-etf
410,IWTR,iShares MSCI Water Management Multisector ETF,https://www.ishares.com/us/products/329650/ishares-msci-water-management-multisector-etf
411,EAOM,iShares ESG Aware Moderate Allocation ETF,https://www.ishares.com/us/products/314411/ishares-esg-aware-moderate-allocation-etf
412,INRO,BlackRock U.S. Industry Rotation ETF,https://www.ishares.com/us/products/336430/blackrock-u-s-industry-rotation-etf
413,EVUS,iShares ESG Aware MSCI USA Value ETF,https://www.ishares.com/us/products/330809/ishares-esg-aware-msci-usa-value-etf
414,ISZE,iShares MSCI Intl Size Factor ETF,https://www.ishares.com/us/products/275384/ishares-msci-international-developed-size-factor-etf
415,BGRO,BlackRock Large Cap Growth ETF,https://www.ishares.com/us/products/337538/blackrock-large-cap-growth-etf
416,AGRH,iShares Interest Rate Hedged U.S. Aggregate Bond ETF,https://www.ishares.com/us/products/328180/ishares-interest-rate-hedged-u-s-aggregate-bond-etf
417,EFRA,iShares Environmental Infrastructure and Industrials ETF,https://www.ishares.com/us/products/330188/ishares-environmental-infrastructure-and-industrials-etf
418,IVEG,iShares Emergent Food and AgTech Multisector ETF,https://www.ishares.com/us/products/326601/ishares-emergent-food-and-agtech-multisector-etf
419,BPAY,BlackRock Future Financial and Technology ETF,https://www.ishares.com/us/products/329128/blackrock-future-financial-and-technology-etf
420,ITDI,iShares® LifePath® Target Date 2065 ETF,https://www.ishares.com/us/products/333575/ishares-lifepath-target-date-2065-etf
421,ITDH,iShares® LifePath® Target Date 2060 ETF,https://www.ishares.com/us/products/333572/ishares-lifepath-target-date-2060-etf
422,BMED,BlackRock Future Health ETF,https://www.ishares.com/us/products/316007/blackrock-future-health-etf
423,IBIK,iShares® iBonds® Oct 2034 Term TIPS ETF,https://www.ishares.com/us/products/337462/ishares-ibonds-oct-2034-term-tips-etf
424,IBRN,iShares Neuroscience and Healthcare ETF,https://www.ishares.com/us/products/329137/ishares-neuroscience-and-healthcare-etf
425,ETEC,iShares Breakthrough Environmental Solutions ETF,https://www.ishares.com/us/products/331244/ishares-breakthrough-environmental-solutions-etf
426,ITDA,iShares® LifePath® Target Date 2025 ETF,https://www.ishares.com/us/products/333552/ishares-lifepath-target-date-2025-etf
427,IRTR,iShares® LifePath® Retirement ETF,https://www.ishares.com/us/products/333579/ishares-lifepath-retirement-etf
428,BECO,BlackRock Future Climate and Sustainable Economy ETF,https://www.ishares.com/us/products/320098/blackrock-future-climate-and-sustainable-economy-etf
429,IWFH,iShares Virtual Work and Life Multisector ETF,https://www.ishares.com/us/products/315979/ishares-virtual-work-and-life-multisector-etf
430,HYGI,iShares Inflation Hedged High Yield Bond ETF,https://www.ishares.com/us/products/328091/ishares-inflation-hedged-high-yield-bond-etf
431,IBMS,iShares® iBonds® Dec 2030 Term Muni Bond ETF,https://www.ishares.com/us/products/337460/ishares-ibonds-dec-2030-term-muni-bond-etf
432,ILIT,iShares Lithium Miners and Producers ETF,https://www.ishares.com/us/products/332281/ishares-lithium-miners-and-producers-etf
433,AGIH,iShares Inflation Hedged U.S. Aggregate Bond ETF,https://www.ishares.com/us/products/328179/ishares-inflation-hedged-u-s-aggregate-bond-etf
434,,,
